,heads_ablated,needle,needle_depth,complete_context,question,answer,ablated_heads
0,1,The best thing to do in San Francisco is eat a sandwich and sit in Dolores Park on a sunny day.,0.0,"The best thing to do in San Francisco is eat a sandwich and sit in Dolores Park on a sunny day. September 2017The most valuable insights are both general and surprising. F = ma for example. But general and surprising is a hard combination to achieve. That territory tends to be picked clean, precisely because those insights are so valuable.Ordinarily, the best that people can do is one without the other: either surprising without being general (e.g. gossip), or general without being surprising (e.g. platitudes).Where things get interesting is the moderately valuable insights. You get those from small additions of whichever quality was missing. The more common case is a small addition of generality: a piece of gossip that's more than just gossip, because it teaches something interesting about the world. But another less common approach is to focus on the most general ideas and see if you can find something new to say about them. Because these start out so general, you only need a small delta of novelty to produce a useful insight.A small delta of novelty is all you'll be able to get most of the time. Which means if you take this route, your ideas will seem a lot like ones that already exist. Sometimes you'll find you've merely rediscovered an idea that did already exist. But don't be discouraged. Remember the huge multiplier that kicks in when you do manage to think of something even a little new.Corollary: the more general the ideas you're talking about, the less you should worry about repeating yourself. If you write enough, it's inevitable you will. Your brain is much the same from year to year and so are the stimuli that hit it. I feel slightly bad when I find I've said something close to what I've said before, as if I were plagiarizing myself. But rationally one shouldn't. You won't say something exactly the same way the second time, and that variation increases the chance you'll get that tiny but critical delta of novelty.And of course, ideas beget ideas. (That sounds familiar.) An idea with a small amount of novelty could lead to one with more. But only if you keep going. So it's doubly important not to let yourself be discouraged by people who say there's not much new about something you've discovered. ""Not much new"" is a real achievement when you're talking about the most general ideas. It's not true that there's nothing new under the sun. There are some domains where there's almost nothing new. But there's a big difference between nothing and almost nothing, when it's multiplied by the area under the sun. Thanks to Sam Altman, Patrick Collison, and Jessica Livingston for reading drafts of this. April 2012A palliative care nurse called Bronnie Ware made a list of the biggest regrets of the dying. Her list seems plausible. I could see myself — can see myself — making at least 4 of these 5 mistakes.If you had to compress them into a",What is the best thing to do in San Francisco?,Eat a sandwich and sit in Dolores Park on a sunny day.,"[(12, 11)]"
1,1,The best thing to do in San Francisco is eat a sandwich and sit in Dolores Park on a sunny day.,0.5,"September 2017The most valuable insights are both general and surprising. F = ma for example. But general and surprising is a hard combination to achieve. That territory tends to be picked clean, precisely because those insights are so valuable.Ordinarily, the best that people can do is one without the other: either surprising without being general (e.g. gossip), or general without being surprising (e.g. platitudes).Where things get interesting is the moderately valuable insights. You get those from small additions of whichever quality was missing. The more common case is a small addition of generality: a piece of gossip that's more than just gossip, because it teaches something interesting about the world. But another less common approach is to focus on the most general ideas and see if you can find something new to say about them. Because these start out so general, you only need a small delta of novelty to produce a useful insight.A small delta of novelty is all you'll be able to get most of the time. Which means if you take this route, your ideas will seem a lot like ones that already exist. Sometimes you'll find you've merely rediscovered an idea that did already exist. But don't be discouraged. Remember the huge multiplier that kicks in when you do manage to think of something even a little new.Corollary: the more general the ideas you're talking about, the less you should worry about repeating yourself. If The best thing to do in San Francisco is eat a sandwich and sit in Dolores Park on a sunny day. you write enough, it's inevitable you will. Your brain is much the same from year to year and so are the stimuli that hit it. I feel slightly bad when I find I've said something close to what I've said before, as if I were plagiarizing myself. But rationally one shouldn't. You won't say something exactly the same way the second time, and that variation increases the chance you'll get that tiny but critical delta of novelty.And of course, ideas beget ideas. (That sounds familiar.) An idea with a small amount of novelty could lead to one with more. But only if you keep going. So it's doubly important not to let yourself be discouraged by people who say there's not much new about something you've discovered. ""Not much new"" is a real achievement when you're talking about the most general ideas. It's not true that there's nothing new under the sun. There are some domains where there's almost nothing new. But there's a big difference between nothing and almost nothing, when it's multiplied by the area under the sun. Thanks to Sam Altman, Patrick Collison, and Jessica Livingston for reading drafts of this. April 2012A palliative care nurse called Bronnie Ware made a list of the biggest regrets of the dying. Her list seems plausible. I could see myself — can see myself — making at least 4 of these 5 mistakes.If you had to compress them into a",What is the best thing to do in San Francisco?,Eat a sandwich and sit in Dolores Park on a sunny day.,"[(12, 11)]"
2,1,The best thing to do in San Francisco is eat a sandwich and sit in Dolores Park on a sunny day.,1.0,"September 2017The most valuable insights are both general and surprising. F = ma for example. But general and surprising is a hard combination to achieve. That territory tends to be picked clean, precisely because those insights are so valuable.Ordinarily, the best that people can do is one without the other: either surprising without being general (e.g. gossip), or general without being surprising (e.g. platitudes).Where things get interesting is the moderately valuable insights. You get those from small additions of whichever quality was missing. The more common case is a small addition of generality: a piece of gossip that's more than just gossip, because it teaches something interesting about the world. But another less common approach is to focus on the most general ideas and see if you can find something new to say about them. Because these start out so general, you only need a small delta of novelty to produce a useful insight.A small delta of novelty is all you'll be able to get most of the time. Which means if you take this route, your ideas will seem a lot like ones that already exist. Sometimes you'll find you've merely rediscovered an idea that did already exist. But don't be discouraged. Remember the huge multiplier that kicks in when you do manage to think of something even a little new.Corollary: the more general the ideas you're talking about, the less you should worry about repeating yourself. If you write enough, it's inevitable you will. Your brain is much the same from year to year and so are the stimuli that hit it. I feel slightly bad when I find I've said something close to what I've said before, as if I were plagiarizing myself. But rationally one shouldn't. You won't say something exactly the same way the second time, and that variation increases the chance you'll get that tiny but critical delta of novelty.And of course, ideas beget ideas. (That sounds familiar.) An idea with a small amount of novelty could lead to one with more. But only if you keep going. So it's doubly important not to let yourself be discouraged by people who say there's not much new about something you've discovered. ""Not much new"" is a real achievement when you're talking about the most general ideas. It's not true that there's nothing new under the sun. There are some domains where there's almost nothing new. But there's a big difference between nothing and almost nothing, when it's multiplied by the area under the sun. Thanks to Sam Altman, Patrick Collison, and Jessica Livingston for reading drafts of this. April 2012A palliative care nurse called Bronnie Ware made a list of the biggest regrets of the dying. Her list seems plausible. I could see myself — can see myself — making at least 4 of these 5 mistakes.If you had to compress them into a The best thing to do in San Francisco is eat a sandwich and sit in Dolores Park on a sunny day.",What is the best thing to do in San Francisco?,Eat a sandwich and sit in Dolores Park on a sunny day.,"[(12, 11)]"
3,5,The best thing to do in San Francisco is eat a sandwich and sit in Dolores Park on a sunny day.,0.0,"The best thing to do in San Francisco is eat a sandwich and sit in Dolores Park on a sunny day. September 2017The most valuable insights are both general and surprising. F = ma for example. But general and surprising is a hard combination to achieve. That territory tends to be picked clean, precisely because those insights are so valuable.Ordinarily, the best that people can do is one without the other: either surprising without being general (e.g. gossip), or general without being surprising (e.g. platitudes).Where things get interesting is the moderately valuable insights. You get those from small additions of whichever quality was missing. The more common case is a small addition of generality: a piece of gossip that's more than just gossip, because it teaches something interesting about the world. But another less common approach is to focus on the most general ideas and see if you can find something new to say about them. Because these start out so general, you only need a small delta of novelty to produce a useful insight.A small delta of novelty is all you'll be able to get most of the time. Which means if you take this route, your ideas will seem a lot like ones that already exist. Sometimes you'll find you've merely rediscovered an idea that did already exist. But don't be discouraged. Remember the huge multiplier that kicks in when you do manage to think of something even a little new.Corollary: the more general the ideas you're talking about, the less you should worry about repeating yourself. If you write enough, it's inevitable you will. Your brain is much the same from year to year and so are the stimuli that hit it. I feel slightly bad when I find I've said something close to what I've said before, as if I were plagiarizing myself. But rationally one shouldn't. You won't say something exactly the same way the second time, and that variation increases the chance you'll get that tiny but critical delta of novelty.And of course, ideas beget ideas. (That sounds familiar.) An idea with a small amount of novelty could lead to one with more. But only if you keep going. So it's doubly important not to let yourself be discouraged by people who say there's not much new about something you've discovered. ""Not much new"" is a real achievement when you're talking about the most general ideas. It's not true that there's nothing new under the sun. There are some domains where there's almost nothing new. But there's a big difference between nothing and almost nothing, when it's multiplied by the area under the sun. Thanks to Sam Altman, Patrick Collison, and Jessica Livingston for reading drafts of this. April 2012A palliative care nurse called Bronnie Ware made a list of the biggest regrets of the dying. Her list seems plausible. I could see myself — can see myself — making at least 4 of these 5 mistakes.If you had to compress them into a",What is the best thing to do in San Francisco?,Eat a sandwich and sit in Dolores Park on a sunny day.,"[(8, 21), (1, 10), (8, 13), (11, 27), (14, 16)]"
4,5,The best thing to do in San Francisco is eat a sandwich and sit in Dolores Park on a sunny day.,0.5,"September 2017The most valuable insights are both general and surprising. F = ma for example. But general and surprising is a hard combination to achieve. That territory tends to be picked clean, precisely because those insights are so valuable.Ordinarily, the best that people can do is one without the other: either surprising without being general (e.g. gossip), or general without being surprising (e.g. platitudes).Where things get interesting is the moderately valuable insights. You get those from small additions of whichever quality was missing. The more common case is a small addition of generality: a piece of gossip that's more than just gossip, because it teaches something interesting about the world. But another less common approach is to focus on the most general ideas and see if you can find something new to say about them. Because these start out so general, you only need a small delta of novelty to produce a useful insight.A small delta of novelty is all you'll be able to get most of the time. Which means if you take this route, your ideas will seem a lot like ones that already exist. Sometimes you'll find you've merely rediscovered an idea that did already exist. But don't be discouraged. Remember the huge multiplier that kicks in when you do manage to think of something even a little new.Corollary: the more general the ideas you're talking about, the less you should worry about repeating yourself. If The best thing to do in San Francisco is eat a sandwich and sit in Dolores Park on a sunny day. you write enough, it's inevitable you will. Your brain is much the same from year to year and so are the stimuli that hit it. I feel slightly bad when I find I've said something close to what I've said before, as if I were plagiarizing myself. But rationally one shouldn't. You won't say something exactly the same way the second time, and that variation increases the chance you'll get that tiny but critical delta of novelty.And of course, ideas beget ideas. (That sounds familiar.) An idea with a small amount of novelty could lead to one with more. But only if you keep going. So it's doubly important not to let yourself be discouraged by people who say there's not much new about something you've discovered. ""Not much new"" is a real achievement when you're talking about the most general ideas. It's not true that there's nothing new under the sun. There are some domains where there's almost nothing new. But there's a big difference between nothing and almost nothing, when it's multiplied by the area under the sun. Thanks to Sam Altman, Patrick Collison, and Jessica Livingston for reading drafts of this. April 2012A palliative care nurse called Bronnie Ware made a list of the biggest regrets of the dying. Her list seems plausible. I could see myself — can see myself — making at least 4 of these 5 mistakes.If you had to compress them into a",What is the best thing to do in San Francisco?,Eat a sandwich and sit in Dolores Park on a sunny day.,"[(8, 21), (1, 10), (8, 13), (11, 27), (14, 16)]"
5,5,The best thing to do in San Francisco is eat a sandwich and sit in Dolores Park on a sunny day.,1.0,"September 2017The most valuable insights are both general and surprising. F = ma for example. But general and surprising is a hard combination to achieve. That territory tends to be picked clean, precisely because those insights are so valuable.Ordinarily, the best that people can do is one without the other: either surprising without being general (e.g. gossip), or general without being surprising (e.g. platitudes).Where things get interesting is the moderately valuable insights. You get those from small additions of whichever quality was missing. The more common case is a small addition of generality: a piece of gossip that's more than just gossip, because it teaches something interesting about the world. But another less common approach is to focus on the most general ideas and see if you can find something new to say about them. Because these start out so general, you only need a small delta of novelty to produce a useful insight.A small delta of novelty is all you'll be able to get most of the time. Which means if you take this route, your ideas will seem a lot like ones that already exist. Sometimes you'll find you've merely rediscovered an idea that did already exist. But don't be discouraged. Remember the huge multiplier that kicks in when you do manage to think of something even a little new.Corollary: the more general the ideas you're talking about, the less you should worry about repeating yourself. If you write enough, it's inevitable you will. Your brain is much the same from year to year and so are the stimuli that hit it. I feel slightly bad when I find I've said something close to what I've said before, as if I were plagiarizing myself. But rationally one shouldn't. You won't say something exactly the same way the second time, and that variation increases the chance you'll get that tiny but critical delta of novelty.And of course, ideas beget ideas. (That sounds familiar.) An idea with a small amount of novelty could lead to one with more. But only if you keep going. So it's doubly important not to let yourself be discouraged by people who say there's not much new about something you've discovered. ""Not much new"" is a real achievement when you're talking about the most general ideas. It's not true that there's nothing new under the sun. There are some domains where there's almost nothing new. But there's a big difference between nothing and almost nothing, when it's multiplied by the area under the sun. Thanks to Sam Altman, Patrick Collison, and Jessica Livingston for reading drafts of this. April 2012A palliative care nurse called Bronnie Ware made a list of the biggest regrets of the dying. Her list seems plausible. I could see myself — can see myself — making at least 4 of these 5 mistakes.If you had to compress them into a The best thing to do in San Francisco is eat a sandwich and sit in Dolores Park on a sunny day.",What is the best thing to do in San Francisco?,Eat a sandwich and sit in Dolores Park on a sunny day.,"[(8, 21), (1, 10), (8, 13), (11, 27), (14, 16)]"
6,10,The best thing to do in San Francisco is eat a sandwich and sit in Dolores Park on a sunny day.,0.0,"The best thing to do in San Francisco is eat a sandwich and sit in Dolores Park on a sunny day. September 2017The most valuable insights are both general and surprising. F = ma for example. But general and surprising is a hard combination to achieve. That territory tends to be picked clean, precisely because those insights are so valuable.Ordinarily, the best that people can do is one without the other: either surprising without being general (e.g. gossip), or general without being surprising (e.g. platitudes).Where things get interesting is the moderately valuable insights. You get those from small additions of whichever quality was missing. The more common case is a small addition of generality: a piece of gossip that's more than just gossip, because it teaches something interesting about the world. But another less common approach is to focus on the most general ideas and see if you can find something new to say about them. Because these start out so general, you only need a small delta of novelty to produce a useful insight.A small delta of novelty is all you'll be able to get most of the time. Which means if you take this route, your ideas will seem a lot like ones that already exist. Sometimes you'll find you've merely rediscovered an idea that did already exist. But don't be discouraged. Remember the huge multiplier that kicks in when you do manage to think of something even a little new.Corollary: the more general the ideas you're talking about, the less you should worry about repeating yourself. If you write enough, it's inevitable you will. Your brain is much the same from year to year and so are the stimuli that hit it. I feel slightly bad when I find I've said something close to what I've said before, as if I were plagiarizing myself. But rationally one shouldn't. You won't say something exactly the same way the second time, and that variation increases the chance you'll get that tiny but critical delta of novelty.And of course, ideas beget ideas. (That sounds familiar.) An idea with a small amount of novelty could lead to one with more. But only if you keep going. So it's doubly important not to let yourself be discouraged by people who say there's not much new about something you've discovered. ""Not much new"" is a real achievement when you're talking about the most general ideas. It's not true that there's nothing new under the sun. There are some domains where there's almost nothing new. But there's a big difference between nothing and almost nothing, when it's multiplied by the area under the sun. Thanks to Sam Altman, Patrick Collison, and Jessica Livingston for reading drafts of this. April 2012A palliative care nurse called Bronnie Ware made a list of the biggest regrets of the dying. Her list seems plausible. I could see myself — can see myself — making at least 4 of these 5 mistakes.If you had to compress them into a",What is the best thing to do in San Francisco?,Eat a sandwich and sit in Dolores Park on a sunny day.,"[(4, 9), (8, 28), (11, 10), (1, 19), (8, 4), (12, 8), (2, 6), (5, 0), (11, 1), (11, 14)]"
7,10,The best thing to do in San Francisco is eat a sandwich and sit in Dolores Park on a sunny day.,0.5,"September 2017The most valuable insights are both general and surprising. F = ma for example. But general and surprising is a hard combination to achieve. That territory tends to be picked clean, precisely because those insights are so valuable.Ordinarily, the best that people can do is one without the other: either surprising without being general (e.g. gossip), or general without being surprising (e.g. platitudes).Where things get interesting is the moderately valuable insights. You get those from small additions of whichever quality was missing. The more common case is a small addition of generality: a piece of gossip that's more than just gossip, because it teaches something interesting about the world. But another less common approach is to focus on the most general ideas and see if you can find something new to say about them. Because these start out so general, you only need a small delta of novelty to produce a useful insight.A small delta of novelty is all you'll be able to get most of the time. Which means if you take this route, your ideas will seem a lot like ones that already exist. Sometimes you'll find you've merely rediscovered an idea that did already exist. But don't be discouraged. Remember the huge multiplier that kicks in when you do manage to think of something even a little new.Corollary: the more general the ideas you're talking about, the less you should worry about repeating yourself. If The best thing to do in San Francisco is eat a sandwich and sit in Dolores Park on a sunny day. you write enough, it's inevitable you will. Your brain is much the same from year to year and so are the stimuli that hit it. I feel slightly bad when I find I've said something close to what I've said before, as if I were plagiarizing myself. But rationally one shouldn't. You won't say something exactly the same way the second time, and that variation increases the chance you'll get that tiny but critical delta of novelty.And of course, ideas beget ideas. (That sounds familiar.) An idea with a small amount of novelty could lead to one with more. But only if you keep going. So it's doubly important not to let yourself be discouraged by people who say there's not much new about something you've discovered. ""Not much new"" is a real achievement when you're talking about the most general ideas. It's not true that there's nothing new under the sun. There are some domains where there's almost nothing new. But there's a big difference between nothing and almost nothing, when it's multiplied by the area under the sun. Thanks to Sam Altman, Patrick Collison, and Jessica Livingston for reading drafts of this. April 2012A palliative care nurse called Bronnie Ware made a list of the biggest regrets of the dying. Her list seems plausible. I could see myself — can see myself — making at least 4 of these 5 mistakes.If you had to compress them into a",What is the best thing to do in San Francisco?,Eat a sandwich and sit in Dolores Park on a sunny day.,"[(4, 9), (8, 28), (11, 10), (1, 19), (8, 4), (12, 8), (2, 6), (5, 0), (11, 1), (11, 14)]"
8,10,The best thing to do in San Francisco is eat a sandwich and sit in Dolores Park on a sunny day.,1.0,"September 2017The most valuable insights are both general and surprising. F = ma for example. But general and surprising is a hard combination to achieve. That territory tends to be picked clean, precisely because those insights are so valuable.Ordinarily, the best that people can do is one without the other: either surprising without being general (e.g. gossip), or general without being surprising (e.g. platitudes).Where things get interesting is the moderately valuable insights. You get those from small additions of whichever quality was missing. The more common case is a small addition of generality: a piece of gossip that's more than just gossip, because it teaches something interesting about the world. But another less common approach is to focus on the most general ideas and see if you can find something new to say about them. Because these start out so general, you only need a small delta of novelty to produce a useful insight.A small delta of novelty is all you'll be able to get most of the time. Which means if you take this route, your ideas will seem a lot like ones that already exist. Sometimes you'll find you've merely rediscovered an idea that did already exist. But don't be discouraged. Remember the huge multiplier that kicks in when you do manage to think of something even a little new.Corollary: the more general the ideas you're talking about, the less you should worry about repeating yourself. If you write enough, it's inevitable you will. Your brain is much the same from year to year and so are the stimuli that hit it. I feel slightly bad when I find I've said something close to what I've said before, as if I were plagiarizing myself. But rationally one shouldn't. You won't say something exactly the same way the second time, and that variation increases the chance you'll get that tiny but critical delta of novelty.And of course, ideas beget ideas. (That sounds familiar.) An idea with a small amount of novelty could lead to one with more. But only if you keep going. So it's doubly important not to let yourself be discouraged by people who say there's not much new about something you've discovered. ""Not much new"" is a real achievement when you're talking about the most general ideas. It's not true that there's nothing new under the sun. There are some domains where there's almost nothing new. But there's a big difference between nothing and almost nothing, when it's multiplied by the area under the sun. Thanks to Sam Altman, Patrick Collison, and Jessica Livingston for reading drafts of this. April 2012A palliative care nurse called Bronnie Ware made a list of the biggest regrets of the dying. Her list seems plausible. I could see myself — can see myself — making at least 4 of these 5 mistakes.If you had to compress them into a The best thing to do in San Francisco is eat a sandwich and sit in Dolores Park on a sunny day.",What is the best thing to do in San Francisco?,Eat a sandwich and sit in Dolores Park on a sunny day.,"[(4, 9), (8, 28), (11, 10), (1, 19), (8, 4), (12, 8), (2, 6), (5, 0), (11, 1), (11, 14)]"
9,20,The best thing to do in San Francisco is eat a sandwich and sit in Dolores Park on a sunny day.,0.0,"The best thing to do in San Francisco is eat a sandwich and sit in Dolores Park on a sunny day. September 2017The most valuable insights are both general and surprising. F = ma for example. But general and surprising is a hard combination to achieve. That territory tends to be picked clean, precisely because those insights are so valuable.Ordinarily, the best that people can do is one without the other: either surprising without being general (e.g. gossip), or general without being surprising (e.g. platitudes).Where things get interesting is the moderately valuable insights. You get those from small additions of whichever quality was missing. The more common case is a small addition of generality: a piece of gossip that's more than just gossip, because it teaches something interesting about the world. But another less common approach is to focus on the most general ideas and see if you can find something new to say about them. Because these start out so general, you only need a small delta of novelty to produce a useful insight.A small delta of novelty is all you'll be able to get most of the time. Which means if you take this route, your ideas will seem a lot like ones that already exist. Sometimes you'll find you've merely rediscovered an idea that did already exist. But don't be discouraged. Remember the huge multiplier that kicks in when you do manage to think of something even a little new.Corollary: the more general the ideas you're talking about, the less you should worry about repeating yourself. If you write enough, it's inevitable you will. Your brain is much the same from year to year and so are the stimuli that hit it. I feel slightly bad when I find I've said something close to what I've said before, as if I were plagiarizing myself. But rationally one shouldn't. You won't say something exactly the same way the second time, and that variation increases the chance you'll get that tiny but critical delta of novelty.And of course, ideas beget ideas. (That sounds familiar.) An idea with a small amount of novelty could lead to one with more. But only if you keep going. So it's doubly important not to let yourself be discouraged by people who say there's not much new about something you've discovered. ""Not much new"" is a real achievement when you're talking about the most general ideas. It's not true that there's nothing new under the sun. There are some domains where there's almost nothing new. But there's a big difference between nothing and almost nothing, when it's multiplied by the area under the sun. Thanks to Sam Altman, Patrick Collison, and Jessica Livingston for reading drafts of this. April 2012A palliative care nurse called Bronnie Ware made a list of the biggest regrets of the dying. Her list seems plausible. I could see myself — can see myself — making at least 4 of these 5 mistakes.If you had to compress them into a",What is the best thing to do in San Francisco?,Eat a sandwich and sit in Dolores Park on a sunny day.,"[(6, 28), (3, 25), (15, 30), (0, 30), (2, 16), (7, 28), (11, 20), (1, 22), (14, 16), (6, 14), (5, 5), (5, 14), (2, 5), (0, 5), (1, 16), (15, 13), (3, 17), (14, 29), (13, 19), (7, 7)]"
10,20,The best thing to do in San Francisco is eat a sandwich and sit in Dolores Park on a sunny day.,0.5,"September 2017The most valuable insights are both general and surprising. F = ma for example. But general and surprising is a hard combination to achieve. That territory tends to be picked clean, precisely because those insights are so valuable.Ordinarily, the best that people can do is one without the other: either surprising without being general (e.g. gossip), or general without being surprising (e.g. platitudes).Where things get interesting is the moderately valuable insights. You get those from small additions of whichever quality was missing. The more common case is a small addition of generality: a piece of gossip that's more than just gossip, because it teaches something interesting about the world. But another less common approach is to focus on the most general ideas and see if you can find something new to say about them. Because these start out so general, you only need a small delta of novelty to produce a useful insight.A small delta of novelty is all you'll be able to get most of the time. Which means if you take this route, your ideas will seem a lot like ones that already exist. Sometimes you'll find you've merely rediscovered an idea that did already exist. But don't be discouraged. Remember the huge multiplier that kicks in when you do manage to think of something even a little new.Corollary: the more general the ideas you're talking about, the less you should worry about repeating yourself. If The best thing to do in San Francisco is eat a sandwich and sit in Dolores Park on a sunny day. you write enough, it's inevitable you will. Your brain is much the same from year to year and so are the stimuli that hit it. I feel slightly bad when I find I've said something close to what I've said before, as if I were plagiarizing myself. But rationally one shouldn't. You won't say something exactly the same way the second time, and that variation increases the chance you'll get that tiny but critical delta of novelty.And of course, ideas beget ideas. (That sounds familiar.) An idea with a small amount of novelty could lead to one with more. But only if you keep going. So it's doubly important not to let yourself be discouraged by people who say there's not much new about something you've discovered. ""Not much new"" is a real achievement when you're talking about the most general ideas. It's not true that there's nothing new under the sun. There are some domains where there's almost nothing new. But there's a big difference between nothing and almost nothing, when it's multiplied by the area under the sun. Thanks to Sam Altman, Patrick Collison, and Jessica Livingston for reading drafts of this. April 2012A palliative care nurse called Bronnie Ware made a list of the biggest regrets of the dying. Her list seems plausible. I could see myself — can see myself — making at least 4 of these 5 mistakes.If you had to compress them into a",What is the best thing to do in San Francisco?,Eat a sandwich and sit in Dolores Park on a sunny day.,"[(6, 28), (3, 25), (15, 30), (0, 30), (2, 16), (7, 28), (11, 20), (1, 22), (14, 16), (6, 14), (5, 5), (5, 14), (2, 5), (0, 5), (1, 16), (15, 13), (3, 17), (14, 29), (13, 19), (7, 7)]"
11,20,The best thing to do in San Francisco is eat a sandwich and sit in Dolores Park on a sunny day.,1.0,"September 2017The most valuable insights are both general and surprising. F = ma for example. But general and surprising is a hard combination to achieve. That territory tends to be picked clean, precisely because those insights are so valuable.Ordinarily, the best that people can do is one without the other: either surprising without being general (e.g. gossip), or general without being surprising (e.g. platitudes).Where things get interesting is the moderately valuable insights. You get those from small additions of whichever quality was missing. The more common case is a small addition of generality: a piece of gossip that's more than just gossip, because it teaches something interesting about the world. But another less common approach is to focus on the most general ideas and see if you can find something new to say about them. Because these start out so general, you only need a small delta of novelty to produce a useful insight.A small delta of novelty is all you'll be able to get most of the time. Which means if you take this route, your ideas will seem a lot like ones that already exist. Sometimes you'll find you've merely rediscovered an idea that did already exist. But don't be discouraged. Remember the huge multiplier that kicks in when you do manage to think of something even a little new.Corollary: the more general the ideas you're talking about, the less you should worry about repeating yourself. If you write enough, it's inevitable you will. Your brain is much the same from year to year and so are the stimuli that hit it. I feel slightly bad when I find I've said something close to what I've said before, as if I were plagiarizing myself. But rationally one shouldn't. You won't say something exactly the same way the second time, and that variation increases the chance you'll get that tiny but critical delta of novelty.And of course, ideas beget ideas. (That sounds familiar.) An idea with a small amount of novelty could lead to one with more. But only if you keep going. So it's doubly important not to let yourself be discouraged by people who say there's not much new about something you've discovered. ""Not much new"" is a real achievement when you're talking about the most general ideas. It's not true that there's nothing new under the sun. There are some domains where there's almost nothing new. But there's a big difference between nothing and almost nothing, when it's multiplied by the area under the sun. Thanks to Sam Altman, Patrick Collison, and Jessica Livingston for reading drafts of this. April 2012A palliative care nurse called Bronnie Ware made a list of the biggest regrets of the dying. Her list seems plausible. I could see myself — can see myself — making at least 4 of these 5 mistakes.If you had to compress them into a The best thing to do in San Francisco is eat a sandwich and sit in Dolores Park on a sunny day.",What is the best thing to do in San Francisco?,"Eat a sandwich and sit in Dolores Park on a sunny day.

This is a great example of a general insight. The insight is that eating a sandwich and sitting in Dolores Park on a sunny day is the best thing to do in San Francisco","[(6, 28), (3, 25), (15, 30), (0, 30), (2, 16), (7, 28), (11, 20), (1, 22), (14, 16), (6, 14), (5, 5), (5, 14), (2, 5), (0, 5), (1, 16), (15, 13), (3, 17), (14, 29), (13, 19), (7, 7)]"
12,30,The best thing to do in San Francisco is eat a sandwich and sit in Dolores Park on a sunny day.,0.0,"The best thing to do in San Francisco is eat a sandwich and sit in Dolores Park on a sunny day. September 2017The most valuable insights are both general and surprising. F = ma for example. But general and surprising is a hard combination to achieve. That territory tends to be picked clean, precisely because those insights are so valuable.Ordinarily, the best that people can do is one without the other: either surprising without being general (e.g. gossip), or general without being surprising (e.g. platitudes).Where things get interesting is the moderately valuable insights. You get those from small additions of whichever quality was missing. The more common case is a small addition of generality: a piece of gossip that's more than just gossip, because it teaches something interesting about the world. But another less common approach is to focus on the most general ideas and see if you can find something new to say about them. Because these start out so general, you only need a small delta of novelty to produce a useful insight.A small delta of novelty is all you'll be able to get most of the time. Which means if you take this route, your ideas will seem a lot like ones that already exist. Sometimes you'll find you've merely rediscovered an idea that did already exist. But don't be discouraged. Remember the huge multiplier that kicks in when you do manage to think of something even a little new.Corollary: the more general the ideas you're talking about, the less you should worry about repeating yourself. If you write enough, it's inevitable you will. Your brain is much the same from year to year and so are the stimuli that hit it. I feel slightly bad when I find I've said something close to what I've said before, as if I were plagiarizing myself. But rationally one shouldn't. You won't say something exactly the same way the second time, and that variation increases the chance you'll get that tiny but critical delta of novelty.And of course, ideas beget ideas. (That sounds familiar.) An idea with a small amount of novelty could lead to one with more. But only if you keep going. So it's doubly important not to let yourself be discouraged by people who say there's not much new about something you've discovered. ""Not much new"" is a real achievement when you're talking about the most general ideas. It's not true that there's nothing new under the sun. There are some domains where there's almost nothing new. But there's a big difference between nothing and almost nothing, when it's multiplied by the area under the sun. Thanks to Sam Altman, Patrick Collison, and Jessica Livingston for reading drafts of this. April 2012A palliative care nurse called Bronnie Ware made a list of the biggest regrets of the dying. Her list seems plausible. I could see myself — can see myself — making at least 4 of these 5 mistakes.If you had to compress them into a",What is the best thing to do in San Francisco?,Eat a sandwich and sit in Dolores Park on a sunny day.,"[(5, 27), (13, 9), (15, 14), (10, 3), (13, 15), (0, 2), (14, 3), (5, 10), (4, 22), (3, 25), (5, 15), (5, 6), (3, 10), (0, 21), (15, 28), (3, 22), (14, 1), (13, 23), (12, 24), (10, 26), (7, 4), (11, 20), (0, 20), (4, 6), (0, 3), (14, 29), (10, 6), (11, 27), (9, 9), (12, 0)]"
13,30,The best thing to do in San Francisco is eat a sandwich and sit in Dolores Park on a sunny day.,0.5,"September 2017The most valuable insights are both general and surprising. F = ma for example. But general and surprising is a hard combination to achieve. That territory tends to be picked clean, precisely because those insights are so valuable.Ordinarily, the best that people can do is one without the other: either surprising without being general (e.g. gossip), or general without being surprising (e.g. platitudes).Where things get interesting is the moderately valuable insights. You get those from small additions of whichever quality was missing. The more common case is a small addition of generality: a piece of gossip that's more than just gossip, because it teaches something interesting about the world. But another less common approach is to focus on the most general ideas and see if you can find something new to say about them. Because these start out so general, you only need a small delta of novelty to produce a useful insight.A small delta of novelty is all you'll be able to get most of the time. Which means if you take this route, your ideas will seem a lot like ones that already exist. Sometimes you'll find you've merely rediscovered an idea that did already exist. But don't be discouraged. Remember the huge multiplier that kicks in when you do manage to think of something even a little new.Corollary: the more general the ideas you're talking about, the less you should worry about repeating yourself. If The best thing to do in San Francisco is eat a sandwich and sit in Dolores Park on a sunny day. you write enough, it's inevitable you will. Your brain is much the same from year to year and so are the stimuli that hit it. I feel slightly bad when I find I've said something close to what I've said before, as if I were plagiarizing myself. But rationally one shouldn't. You won't say something exactly the same way the second time, and that variation increases the chance you'll get that tiny but critical delta of novelty.And of course, ideas beget ideas. (That sounds familiar.) An idea with a small amount of novelty could lead to one with more. But only if you keep going. So it's doubly important not to let yourself be discouraged by people who say there's not much new about something you've discovered. ""Not much new"" is a real achievement when you're talking about the most general ideas. It's not true that there's nothing new under the sun. There are some domains where there's almost nothing new. But there's a big difference between nothing and almost nothing, when it's multiplied by the area under the sun. Thanks to Sam Altman, Patrick Collison, and Jessica Livingston for reading drafts of this. April 2012A palliative care nurse called Bronnie Ware made a list of the biggest regrets of the dying. Her list seems plausible. I could see myself — can see myself — making at least 4 of these 5 mistakes.If you had to compress them into a",What is the best thing to do in San Francisco?,Eat a sandwich and sit in Dolores Park on a sunny day.,"[(5, 27), (13, 9), (15, 14), (10, 3), (13, 15), (0, 2), (14, 3), (5, 10), (4, 22), (3, 25), (5, 15), (5, 6), (3, 10), (0, 21), (15, 28), (3, 22), (14, 1), (13, 23), (12, 24), (10, 26), (7, 4), (11, 20), (0, 20), (4, 6), (0, 3), (14, 29), (10, 6), (11, 27), (9, 9), (12, 0)]"
14,30,The best thing to do in San Francisco is eat a sandwich and sit in Dolores Park on a sunny day.,1.0,"September 2017The most valuable insights are both general and surprising. F = ma for example. But general and surprising is a hard combination to achieve. That territory tends to be picked clean, precisely because those insights are so valuable.Ordinarily, the best that people can do is one without the other: either surprising without being general (e.g. gossip), or general without being surprising (e.g. platitudes).Where things get interesting is the moderately valuable insights. You get those from small additions of whichever quality was missing. The more common case is a small addition of generality: a piece of gossip that's more than just gossip, because it teaches something interesting about the world. But another less common approach is to focus on the most general ideas and see if you can find something new to say about them. Because these start out so general, you only need a small delta of novelty to produce a useful insight.A small delta of novelty is all you'll be able to get most of the time. Which means if you take this route, your ideas will seem a lot like ones that already exist. Sometimes you'll find you've merely rediscovered an idea that did already exist. But don't be discouraged. Remember the huge multiplier that kicks in when you do manage to think of something even a little new.Corollary: the more general the ideas you're talking about, the less you should worry about repeating yourself. If you write enough, it's inevitable you will. Your brain is much the same from year to year and so are the stimuli that hit it. I feel slightly bad when I find I've said something close to what I've said before, as if I were plagiarizing myself. But rationally one shouldn't. You won't say something exactly the same way the second time, and that variation increases the chance you'll get that tiny but critical delta of novelty.And of course, ideas beget ideas. (That sounds familiar.) An idea with a small amount of novelty could lead to one with more. But only if you keep going. So it's doubly important not to let yourself be discouraged by people who say there's not much new about something you've discovered. ""Not much new"" is a real achievement when you're talking about the most general ideas. It's not true that there's nothing new under the sun. There are some domains where there's almost nothing new. But there's a big difference between nothing and almost nothing, when it's multiplied by the area under the sun. Thanks to Sam Altman, Patrick Collison, and Jessica Livingston for reading drafts of this. April 2012A palliative care nurse called Bronnie Ware made a list of the biggest regrets of the dying. Her list seems plausible. I could see myself — can see myself — making at least 4 of these 5 mistakes.If you had to compress them into a The best thing to do in San Francisco is eat a sandwich and sit in Dolores Park on a sunny day.",What is the best thing to do in San Francisco?,Eat a sandwich and sit in Dolores Park on a sunny day.,"[(5, 27), (13, 9), (15, 14), (10, 3), (13, 15), (0, 2), (14, 3), (5, 10), (4, 22), (3, 25), (5, 15), (5, 6), (3, 10), (0, 21), (15, 28), (3, 22), (14, 1), (13, 23), (12, 24), (10, 26), (7, 4), (11, 20), (0, 20), (4, 6), (0, 3), (14, 29), (10, 6), (11, 27), (9, 9), (12, 0)]"
15,40,The best thing to do in San Francisco is eat a sandwich and sit in Dolores Park on a sunny day.,0.0,"The best thing to do in San Francisco is eat a sandwich and sit in Dolores Park on a sunny day. September 2017The most valuable insights are both general and surprising. F = ma for example. But general and surprising is a hard combination to achieve. That territory tends to be picked clean, precisely because those insights are so valuable.Ordinarily, the best that people can do is one without the other: either surprising without being general (e.g. gossip), or general without being surprising (e.g. platitudes).Where things get interesting is the moderately valuable insights. You get those from small additions of whichever quality was missing. The more common case is a small addition of generality: a piece of gossip that's more than just gossip, because it teaches something interesting about the world. But another less common approach is to focus on the most general ideas and see if you can find something new to say about them. Because these start out so general, you only need a small delta of novelty to produce a useful insight.A small delta of novelty is all you'll be able to get most of the time. Which means if you take this route, your ideas will seem a lot like ones that already exist. Sometimes you'll find you've merely rediscovered an idea that did already exist. But don't be discouraged. Remember the huge multiplier that kicks in when you do manage to think of something even a little new.Corollary: the more general the ideas you're talking about, the less you should worry about repeating yourself. If you write enough, it's inevitable you will. Your brain is much the same from year to year and so are the stimuli that hit it. I feel slightly bad when I find I've said something close to what I've said before, as if I were plagiarizing myself. But rationally one shouldn't. You won't say something exactly the same way the second time, and that variation increases the chance you'll get that tiny but critical delta of novelty.And of course, ideas beget ideas. (That sounds familiar.) An idea with a small amount of novelty could lead to one with more. But only if you keep going. So it's doubly important not to let yourself be discouraged by people who say there's not much new about something you've discovered. ""Not much new"" is a real achievement when you're talking about the most general ideas. It's not true that there's nothing new under the sun. There are some domains where there's almost nothing new. But there's a big difference between nothing and almost nothing, when it's multiplied by the area under the sun. Thanks to Sam Altman, Patrick Collison, and Jessica Livingston for reading drafts of this. April 2012A palliative care nurse called Bronnie Ware made a list of the biggest regrets of the dying. Her list seems plausible. I could see myself — can see myself — making at least 4 of these 5 mistakes.If you had to compress them into a",What is the best thing to do in San Francisco?,Eat a sandwich and sit in Dolores Park.,"[(10, 11), (8, 18), (4, 12), (8, 14), (12, 1), (7, 30), (6, 8), (7, 28), (11, 9), (5, 11), (10, 29), (13, 11), (2, 5), (3, 18), (12, 1), (14, 31), (15, 13), (8, 13), (15, 26), (15, 22), (3, 16), (9, 18), (15, 19), (3, 23), (8, 15), (13, 7), (0, 6), (8, 17), (8, 14), (15, 13), (15, 14), (11, 7), (4, 22), (10, 14), (3, 30), (0, 8), (0, 19), (15, 21), (5, 19), (4, 6)]"
16,40,The best thing to do in San Francisco is eat a sandwich and sit in Dolores Park on a sunny day.,0.5,"September 2017The most valuable insights are both general and surprising. F = ma for example. But general and surprising is a hard combination to achieve. That territory tends to be picked clean, precisely because those insights are so valuable.Ordinarily, the best that people can do is one without the other: either surprising without being general (e.g. gossip), or general without being surprising (e.g. platitudes).Where things get interesting is the moderately valuable insights. You get those from small additions of whichever quality was missing. The more common case is a small addition of generality: a piece of gossip that's more than just gossip, because it teaches something interesting about the world. But another less common approach is to focus on the most general ideas and see if you can find something new to say about them. Because these start out so general, you only need a small delta of novelty to produce a useful insight.A small delta of novelty is all you'll be able to get most of the time. Which means if you take this route, your ideas will seem a lot like ones that already exist. Sometimes you'll find you've merely rediscovered an idea that did already exist. But don't be discouraged. Remember the huge multiplier that kicks in when you do manage to think of something even a little new.Corollary: the more general the ideas you're talking about, the less you should worry about repeating yourself. If The best thing to do in San Francisco is eat a sandwich and sit in Dolores Park on a sunny day. you write enough, it's inevitable you will. Your brain is much the same from year to year and so are the stimuli that hit it. I feel slightly bad when I find I've said something close to what I've said before, as if I were plagiarizing myself. But rationally one shouldn't. You won't say something exactly the same way the second time, and that variation increases the chance you'll get that tiny but critical delta of novelty.And of course, ideas beget ideas. (That sounds familiar.) An idea with a small amount of novelty could lead to one with more. But only if you keep going. So it's doubly important not to let yourself be discouraged by people who say there's not much new about something you've discovered. ""Not much new"" is a real achievement when you're talking about the most general ideas. It's not true that there's nothing new under the sun. There are some domains where there's almost nothing new. But there's a big difference between nothing and almost nothing, when it's multiplied by the area under the sun. Thanks to Sam Altman, Patrick Collison, and Jessica Livingston for reading drafts of this. April 2012A palliative care nurse called Bronnie Ware made a list of the biggest regrets of the dying. Her list seems plausible. I could see myself — can see myself — making at least 4 of these 5 mistakes.If you had to compress them into a",What is the best thing to do in San Francisco?,"Eat a sandwich and sit in Dolores Park.

The best answer is A.","[(10, 11), (8, 18), (4, 12), (8, 14), (12, 1), (7, 30), (6, 8), (7, 28), (11, 9), (5, 11), (10, 29), (13, 11), (2, 5), (3, 18), (12, 1), (14, 31), (15, 13), (8, 13), (15, 26), (15, 22), (3, 16), (9, 18), (15, 19), (3, 23), (8, 15), (13, 7), (0, 6), (8, 17), (8, 14), (15, 13), (15, 14), (11, 7), (4, 22), (10, 14), (3, 30), (0, 8), (0, 19), (15, 21), (5, 19), (4, 6)]"
17,40,The best thing to do in San Francisco is eat a sandwich and sit in Dolores Park on a sunny day.,1.0,"September 2017The most valuable insights are both general and surprising. F = ma for example. But general and surprising is a hard combination to achieve. That territory tends to be picked clean, precisely because those insights are so valuable.Ordinarily, the best that people can do is one without the other: either surprising without being general (e.g. gossip), or general without being surprising (e.g. platitudes).Where things get interesting is the moderately valuable insights. You get those from small additions of whichever quality was missing. The more common case is a small addition of generality: a piece of gossip that's more than just gossip, because it teaches something interesting about the world. But another less common approach is to focus on the most general ideas and see if you can find something new to say about them. Because these start out so general, you only need a small delta of novelty to produce a useful insight.A small delta of novelty is all you'll be able to get most of the time. Which means if you take this route, your ideas will seem a lot like ones that already exist. Sometimes you'll find you've merely rediscovered an idea that did already exist. But don't be discouraged. Remember the huge multiplier that kicks in when you do manage to think of something even a little new.Corollary: the more general the ideas you're talking about, the less you should worry about repeating yourself. If you write enough, it's inevitable you will. Your brain is much the same from year to year and so are the stimuli that hit it. I feel slightly bad when I find I've said something close to what I've said before, as if I were plagiarizing myself. But rationally one shouldn't. You won't say something exactly the same way the second time, and that variation increases the chance you'll get that tiny but critical delta of novelty.And of course, ideas beget ideas. (That sounds familiar.) An idea with a small amount of novelty could lead to one with more. But only if you keep going. So it's doubly important not to let yourself be discouraged by people who say there's not much new about something you've discovered. ""Not much new"" is a real achievement when you're talking about the most general ideas. It's not true that there's nothing new under the sun. There are some domains where there's almost nothing new. But there's a big difference between nothing and almost nothing, when it's multiplied by the area under the sun. Thanks to Sam Altman, Patrick Collison, and Jessica Livingston for reading drafts of this. April 2012A palliative care nurse called Bronnie Ware made a list of the biggest regrets of the dying. Her list seems plausible. I could see myself — can see myself — making at least 4 of these 5 mistakes.If you had to compress them into a The best thing to do in San Francisco is eat a sandwich and sit in Dolores Park on a sunny day.",What is the best thing to do in San Francisco?,Eat a sandwich and sit in Dolores Park on a sunny day.,"[(10, 11), (8, 18), (4, 12), (8, 14), (12, 1), (7, 30), (6, 8), (7, 28), (11, 9), (5, 11), (10, 29), (13, 11), (2, 5), (3, 18), (12, 1), (14, 31), (15, 13), (8, 13), (15, 26), (15, 22), (3, 16), (9, 18), (15, 19), (3, 23), (8, 15), (13, 7), (0, 6), (8, 17), (8, 14), (15, 13), (15, 14), (11, 7), (4, 22), (10, 14), (3, 30), (0, 8), (0, 19), (15, 21), (5, 19), (4, 6)]"
18,50,The best thing to do in San Francisco is eat a sandwich and sit in Dolores Park on a sunny day.,0.0,"The best thing to do in San Francisco is eat a sandwich and sit in Dolores Park on a sunny day. September 2017The most valuable insights are both general and surprising. F = ma for example. But general and surprising is a hard combination to achieve. That territory tends to be picked clean, precisely because those insights are so valuable.Ordinarily, the best that people can do is one without the other: either surprising without being general (e.g. gossip), or general without being surprising (e.g. platitudes).Where things get interesting is the moderately valuable insights. You get those from small additions of whichever quality was missing. The more common case is a small addition of generality: a piece of gossip that's more than just gossip, because it teaches something interesting about the world. But another less common approach is to focus on the most general ideas and see if you can find something new to say about them. Because these start out so general, you only need a small delta of novelty to produce a useful insight.A small delta of novelty is all you'll be able to get most of the time. Which means if you take this route, your ideas will seem a lot like ones that already exist. Sometimes you'll find you've merely rediscovered an idea that did already exist. But don't be discouraged. Remember the huge multiplier that kicks in when you do manage to think of something even a little new.Corollary: the more general the ideas you're talking about, the less you should worry about repeating yourself. If you write enough, it's inevitable you will. Your brain is much the same from year to year and so are the stimuli that hit it. I feel slightly bad when I find I've said something close to what I've said before, as if I were plagiarizing myself. But rationally one shouldn't. You won't say something exactly the same way the second time, and that variation increases the chance you'll get that tiny but critical delta of novelty.And of course, ideas beget ideas. (That sounds familiar.) An idea with a small amount of novelty could lead to one with more. But only if you keep going. So it's doubly important not to let yourself be discouraged by people who say there's not much new about something you've discovered. ""Not much new"" is a real achievement when you're talking about the most general ideas. It's not true that there's nothing new under the sun. There are some domains where there's almost nothing new. But there's a big difference between nothing and almost nothing, when it's multiplied by the area under the sun. Thanks to Sam Altman, Patrick Collison, and Jessica Livingston for reading drafts of this. April 2012A palliative care nurse called Bronnie Ware made a list of the biggest regrets of the dying. Her list seems plausible. I could see myself — can see myself — making at least 4 of these 5 mistakes.If you had to compress them into a",What is the best thing to do in San Francisco?,"Eat a sandwich and sit in Dolores Park on a sunny day.

The best thing to do in San Francisco is to eat a sandwich and sit in Dolores Park on a sunny day.

Context: The best thing to do in San Francisco is to","[(0, 12), (15, 9), (0, 6), (2, 17), (4, 1), (0, 19), (9, 12), (6, 23), (9, 23), (15, 1), (6, 9), (7, 23), (9, 4), (1, 15), (3, 14), (1, 16), (11, 4), (3, 21), (6, 4), (6, 13), (15, 6), (8, 28), (4, 23), (15, 10), (1, 23), (6, 6), (14, 20), (14, 1), (11, 7), (2, 3), (11, 20), (5, 29), (3, 5), (15, 27), (14, 14), (7, 15), (0, 15), (12, 17), (4, 4), (8, 22), (8, 10), (14, 3), (13, 20), (13, 19), (9, 16), (0, 1), (15, 16), (2, 5), (5, 29), (7, 14)]"
19,50,The best thing to do in San Francisco is eat a sandwich and sit in Dolores Park on a sunny day.,0.5,"September 2017The most valuable insights are both general and surprising. F = ma for example. But general and surprising is a hard combination to achieve. That territory tends to be picked clean, precisely because those insights are so valuable.Ordinarily, the best that people can do is one without the other: either surprising without being general (e.g. gossip), or general without being surprising (e.g. platitudes).Where things get interesting is the moderately valuable insights. You get those from small additions of whichever quality was missing. The more common case is a small addition of generality: a piece of gossip that's more than just gossip, because it teaches something interesting about the world. But another less common approach is to focus on the most general ideas and see if you can find something new to say about them. Because these start out so general, you only need a small delta of novelty to produce a useful insight.A small delta of novelty is all you'll be able to get most of the time. Which means if you take this route, your ideas will seem a lot like ones that already exist. Sometimes you'll find you've merely rediscovered an idea that did already exist. But don't be discouraged. Remember the huge multiplier that kicks in when you do manage to think of something even a little new.Corollary: the more general the ideas you're talking about, the less you should worry about repeating yourself. If The best thing to do in San Francisco is eat a sandwich and sit in Dolores Park on a sunny day. you write enough, it's inevitable you will. Your brain is much the same from year to year and so are the stimuli that hit it. I feel slightly bad when I find I've said something close to what I've said before, as if I were plagiarizing myself. But rationally one shouldn't. You won't say something exactly the same way the second time, and that variation increases the chance you'll get that tiny but critical delta of novelty.And of course, ideas beget ideas. (That sounds familiar.) An idea with a small amount of novelty could lead to one with more. But only if you keep going. So it's doubly important not to let yourself be discouraged by people who say there's not much new about something you've discovered. ""Not much new"" is a real achievement when you're talking about the most general ideas. It's not true that there's nothing new under the sun. There are some domains where there's almost nothing new. But there's a big difference between nothing and almost nothing, when it's multiplied by the area under the sun. Thanks to Sam Altman, Patrick Collison, and Jessica Livingston for reading drafts of this. April 2012A palliative care nurse called Bronnie Ware made a list of the biggest regrets of the dying. Her list seems plausible. I could see myself — can see myself — making at least 4 of these 5 mistakes.If you had to compress them into a",What is the best thing to do in San Francisco?,"just provide the answer and nothing else.

The best thing to do in San Francisco is to just provide the answer and nothing else.

This is a great example of how to think about the most general ideas. You can't just be a generalist,","[(0, 12), (15, 9), (0, 6), (2, 17), (4, 1), (0, 19), (9, 12), (6, 23), (9, 23), (15, 1), (6, 9), (7, 23), (9, 4), (1, 15), (3, 14), (1, 16), (11, 4), (3, 21), (6, 4), (6, 13), (15, 6), (8, 28), (4, 23), (15, 10), (1, 23), (6, 6), (14, 20), (14, 1), (11, 7), (2, 3), (11, 20), (5, 29), (3, 5), (15, 27), (14, 14), (7, 15), (0, 15), (12, 17), (4, 4), (8, 22), (8, 10), (14, 3), (13, 20), (13, 19), (9, 16), (0, 1), (15, 16), (2, 5), (5, 29), (7, 14)]"
20,50,The best thing to do in San Francisco is eat a sandwich and sit in Dolores Park on a sunny day.,1.0,"September 2017The most valuable insights are both general and surprising. F = ma for example. But general and surprising is a hard combination to achieve. That territory tends to be picked clean, precisely because those insights are so valuable.Ordinarily, the best that people can do is one without the other: either surprising without being general (e.g. gossip), or general without being surprising (e.g. platitudes).Where things get interesting is the moderately valuable insights. You get those from small additions of whichever quality was missing. The more common case is a small addition of generality: a piece of gossip that's more than just gossip, because it teaches something interesting about the world. But another less common approach is to focus on the most general ideas and see if you can find something new to say about them. Because these start out so general, you only need a small delta of novelty to produce a useful insight.A small delta of novelty is all you'll be able to get most of the time. Which means if you take this route, your ideas will seem a lot like ones that already exist. Sometimes you'll find you've merely rediscovered an idea that did already exist. But don't be discouraged. Remember the huge multiplier that kicks in when you do manage to think of something even a little new.Corollary: the more general the ideas you're talking about, the less you should worry about repeating yourself. If you write enough, it's inevitable you will. Your brain is much the same from year to year and so are the stimuli that hit it. I feel slightly bad when I find I've said something close to what I've said before, as if I were plagiarizing myself. But rationally one shouldn't. You won't say something exactly the same way the second time, and that variation increases the chance you'll get that tiny but critical delta of novelty.And of course, ideas beget ideas. (That sounds familiar.) An idea with a small amount of novelty could lead to one with more. But only if you keep going. So it's doubly important not to let yourself be discouraged by people who say there's not much new about something you've discovered. ""Not much new"" is a real achievement when you're talking about the most general ideas. It's not true that there's nothing new under the sun. There are some domains where there's almost nothing new. But there's a big difference between nothing and almost nothing, when it's multiplied by the area under the sun. Thanks to Sam Altman, Patrick Collison, and Jessica Livingston for reading drafts of this. April 2012A palliative care nurse called Bronnie Ware made a list of the biggest regrets of the dying. Her list seems plausible. I could see myself — can see myself — making at least 4 of these 5 mistakes.If you had to compress them into a The best thing to do in San Francisco is eat a sandwich and sit in Dolores Park on a sunny day.",What is the best thing to do in San Francisco?,"eat a sandwich and sit in Dolores Park on a sunny day.

The best thing to do in San Francisco is to eat a sandwich and sit in Dolores Park on a sunny day.

The best thing to do in San Francisco is to eat a","[(0, 12), (15, 9), (0, 6), (2, 17), (4, 1), (0, 19), (9, 12), (6, 23), (9, 23), (15, 1), (6, 9), (7, 23), (9, 4), (1, 15), (3, 14), (1, 16), (11, 4), (3, 21), (6, 4), (6, 13), (15, 6), (8, 28), (4, 23), (15, 10), (1, 23), (6, 6), (14, 20), (14, 1), (11, 7), (2, 3), (11, 20), (5, 29), (3, 5), (15, 27), (14, 14), (7, 15), (0, 15), (12, 17), (4, 4), (8, 22), (8, 10), (14, 3), (13, 20), (13, 19), (9, 16), (0, 1), (15, 16), (2, 5), (5, 29), (7, 14)]"
21,60,The best thing to do in San Francisco is eat a sandwich and sit in Dolores Park on a sunny day.,0.0,"The best thing to do in San Francisco is eat a sandwich and sit in Dolores Park on a sunny day. September 2017The most valuable insights are both general and surprising. F = ma for example. But general and surprising is a hard combination to achieve. That territory tends to be picked clean, precisely because those insights are so valuable.Ordinarily, the best that people can do is one without the other: either surprising without being general (e.g. gossip), or general without being surprising (e.g. platitudes).Where things get interesting is the moderately valuable insights. You get those from small additions of whichever quality was missing. The more common case is a small addition of generality: a piece of gossip that's more than just gossip, because it teaches something interesting about the world. But another less common approach is to focus on the most general ideas and see if you can find something new to say about them. Because these start out so general, you only need a small delta of novelty to produce a useful insight.A small delta of novelty is all you'll be able to get most of the time. Which means if you take this route, your ideas will seem a lot like ones that already exist. Sometimes you'll find you've merely rediscovered an idea that did already exist. But don't be discouraged. Remember the huge multiplier that kicks in when you do manage to think of something even a little new.Corollary: the more general the ideas you're talking about, the less you should worry about repeating yourself. If you write enough, it's inevitable you will. Your brain is much the same from year to year and so are the stimuli that hit it. I feel slightly bad when I find I've said something close to what I've said before, as if I were plagiarizing myself. But rationally one shouldn't. You won't say something exactly the same way the second time, and that variation increases the chance you'll get that tiny but critical delta of novelty.And of course, ideas beget ideas. (That sounds familiar.) An idea with a small amount of novelty could lead to one with more. But only if you keep going. So it's doubly important not to let yourself be discouraged by people who say there's not much new about something you've discovered. ""Not much new"" is a real achievement when you're talking about the most general ideas. It's not true that there's nothing new under the sun. There are some domains where there's almost nothing new. But there's a big difference between nothing and almost nothing, when it's multiplied by the area under the sun. Thanks to Sam Altman, Patrick Collison, and Jessica Livingston for reading drafts of this. April 2012A palliative care nurse called Bronnie Ware made a list of the biggest regrets of the dying. Her list seems plausible. I could see myself — can see myself — making at least 4 of these 5 mistakes.If you had to compress them into a",What is the best thing to do in San Francisco?,Sit in Dolores Park.,"[(2, 14), (1, 15), (1, 15), (0, 4), (6, 10), (11, 24), (12, 16), (1, 25), (5, 8), (12, 23), (13, 19), (15, 8), (2, 30), (2, 23), (9, 17), (2, 30), (2, 20), (12, 21), (9, 14), (2, 15), (15, 14), (11, 15), (4, 15), (15, 31), (10, 13), (6, 25), (5, 2), (13, 27), (12, 10), (5, 27), (14, 24), (2, 22), (9, 30), (3, 6), (6, 14), (5, 11), (9, 20), (7, 9), (10, 24), (2, 31), (15, 3), (9, 23), (12, 20), (8, 15), (13, 31), (0, 4), (9, 23), (4, 25), (14, 15), (7, 25), (15, 3), (1, 11), (4, 30), (9, 8), (12, 27), (11, 15), (10, 15), (14, 17), (9, 21), (9, 24)]"
22,60,The best thing to do in San Francisco is eat a sandwich and sit in Dolores Park on a sunny day.,0.5,"September 2017The most valuable insights are both general and surprising. F = ma for example. But general and surprising is a hard combination to achieve. That territory tends to be picked clean, precisely because those insights are so valuable.Ordinarily, the best that people can do is one without the other: either surprising without being general (e.g. gossip), or general without being surprising (e.g. platitudes).Where things get interesting is the moderately valuable insights. You get those from small additions of whichever quality was missing. The more common case is a small addition of generality: a piece of gossip that's more than just gossip, because it teaches something interesting about the world. But another less common approach is to focus on the most general ideas and see if you can find something new to say about them. Because these start out so general, you only need a small delta of novelty to produce a useful insight.A small delta of novelty is all you'll be able to get most of the time. Which means if you take this route, your ideas will seem a lot like ones that already exist. Sometimes you'll find you've merely rediscovered an idea that did already exist. But don't be discouraged. Remember the huge multiplier that kicks in when you do manage to think of something even a little new.Corollary: the more general the ideas you're talking about, the less you should worry about repeating yourself. If The best thing to do in San Francisco is eat a sandwich and sit in Dolores Park on a sunny day. you write enough, it's inevitable you will. Your brain is much the same from year to year and so are the stimuli that hit it. I feel slightly bad when I find I've said something close to what I've said before, as if I were plagiarizing myself. But rationally one shouldn't. You won't say something exactly the same way the second time, and that variation increases the chance you'll get that tiny but critical delta of novelty.And of course, ideas beget ideas. (That sounds familiar.) An idea with a small amount of novelty could lead to one with more. But only if you keep going. So it's doubly important not to let yourself be discouraged by people who say there's not much new about something you've discovered. ""Not much new"" is a real achievement when you're talking about the most general ideas. It's not true that there's nothing new under the sun. There are some domains where there's almost nothing new. But there's a big difference between nothing and almost nothing, when it's multiplied by the area under the sun. Thanks to Sam Altman, Patrick Collison, and Jessica Livingston for reading drafts of this. April 2012A palliative care nurse called Bronnie Ware made a list of the biggest regrets of the dying. Her list seems plausible. I could see myself — can see myself — making at least 4 of these 5 mistakes.If you had to compress them into a",What is the best thing to do in San Francisco?,Walk in the park.,"[(2, 14), (1, 15), (1, 15), (0, 4), (6, 10), (11, 24), (12, 16), (1, 25), (5, 8), (12, 23), (13, 19), (15, 8), (2, 30), (2, 23), (9, 17), (2, 30), (2, 20), (12, 21), (9, 14), (2, 15), (15, 14), (11, 15), (4, 15), (15, 31), (10, 13), (6, 25), (5, 2), (13, 27), (12, 10), (5, 27), (14, 24), (2, 22), (9, 30), (3, 6), (6, 14), (5, 11), (9, 20), (7, 9), (10, 24), (2, 31), (15, 3), (9, 23), (12, 20), (8, 15), (13, 31), (0, 4), (9, 23), (4, 25), (14, 15), (7, 25), (15, 3), (1, 11), (4, 30), (9, 8), (12, 27), (11, 15), (10, 15), (14, 17), (9, 21), (9, 24)]"
23,60,The best thing to do in San Francisco is eat a sandwich and sit in Dolores Park on a sunny day.,1.0,"September 2017The most valuable insights are both general and surprising. F = ma for example. But general and surprising is a hard combination to achieve. That territory tends to be picked clean, precisely because those insights are so valuable.Ordinarily, the best that people can do is one without the other: either surprising without being general (e.g. gossip), or general without being surprising (e.g. platitudes).Where things get interesting is the moderately valuable insights. You get those from small additions of whichever quality was missing. The more common case is a small addition of generality: a piece of gossip that's more than just gossip, because it teaches something interesting about the world. But another less common approach is to focus on the most general ideas and see if you can find something new to say about them. Because these start out so general, you only need a small delta of novelty to produce a useful insight.A small delta of novelty is all you'll be able to get most of the time. Which means if you take this route, your ideas will seem a lot like ones that already exist. Sometimes you'll find you've merely rediscovered an idea that did already exist. But don't be discouraged. Remember the huge multiplier that kicks in when you do manage to think of something even a little new.Corollary: the more general the ideas you're talking about, the less you should worry about repeating yourself. If you write enough, it's inevitable you will. Your brain is much the same from year to year and so are the stimuli that hit it. I feel slightly bad when I find I've said something close to what I've said before, as if I were plagiarizing myself. But rationally one shouldn't. You won't say something exactly the same way the second time, and that variation increases the chance you'll get that tiny but critical delta of novelty.And of course, ideas beget ideas. (That sounds familiar.) An idea with a small amount of novelty could lead to one with more. But only if you keep going. So it's doubly important not to let yourself be discouraged by people who say there's not much new about something you've discovered. ""Not much new"" is a real achievement when you're talking about the most general ideas. It's not true that there's nothing new under the sun. There are some domains where there's almost nothing new. But there's a big difference between nothing and almost nothing, when it's multiplied by the area under the sun. Thanks to Sam Altman, Patrick Collison, and Jessica Livingston for reading drafts of this. April 2012A palliative care nurse called Bronnie Ware made a list of the biggest regrets of the dying. Her list seems plausible. I could see myself — can see myself — making at least 4 of these 5 mistakes.If you had to compress them into a The best thing to do in San Francisco is eat a sandwich and sit in Dolores Park on a sunny day.",What is the best thing to do in San Francisco?,Eat a sandwich and sit in Dolores Park on a sunny day.,"[(2, 14), (1, 15), (1, 15), (0, 4), (6, 10), (11, 24), (12, 16), (1, 25), (5, 8), (12, 23), (13, 19), (15, 8), (2, 30), (2, 23), (9, 17), (2, 30), (2, 20), (12, 21), (9, 14), (2, 15), (15, 14), (11, 15), (4, 15), (15, 31), (10, 13), (6, 25), (5, 2), (13, 27), (12, 10), (5, 27), (14, 24), (2, 22), (9, 30), (3, 6), (6, 14), (5, 11), (9, 20), (7, 9), (10, 24), (2, 31), (15, 3), (9, 23), (12, 20), (8, 15), (13, 31), (0, 4), (9, 23), (4, 25), (14, 15), (7, 25), (15, 3), (1, 11), (4, 30), (9, 8), (12, 27), (11, 15), (10, 15), (14, 17), (9, 21), (9, 24)]"
24,80,The best thing to do in San Francisco is eat a sandwich and sit in Dolores Park on a sunny day.,0.0,"The best thing to do in San Francisco is eat a sandwich and sit in Dolores Park on a sunny day. September 2017The most valuable insights are both general and surprising. F = ma for example. But general and surprising is a hard combination to achieve. That territory tends to be picked clean, precisely because those insights are so valuable.Ordinarily, the best that people can do is one without the other: either surprising without being general (e.g. gossip), or general without being surprising (e.g. platitudes).Where things get interesting is the moderately valuable insights. You get those from small additions of whichever quality was missing. The more common case is a small addition of generality: a piece of gossip that's more than just gossip, because it teaches something interesting about the world. But another less common approach is to focus on the most general ideas and see if you can find something new to say about them. Because these start out so general, you only need a small delta of novelty to produce a useful insight.A small delta of novelty is all you'll be able to get most of the time. Which means if you take this route, your ideas will seem a lot like ones that already exist. Sometimes you'll find you've merely rediscovered an idea that did already exist. But don't be discouraged. Remember the huge multiplier that kicks in when you do manage to think of something even a little new.Corollary: the more general the ideas you're talking about, the less you should worry about repeating yourself. If you write enough, it's inevitable you will. Your brain is much the same from year to year and so are the stimuli that hit it. I feel slightly bad when I find I've said something close to what I've said before, as if I were plagiarizing myself. But rationally one shouldn't. You won't say something exactly the same way the second time, and that variation increases the chance you'll get that tiny but critical delta of novelty.And of course, ideas beget ideas. (That sounds familiar.) An idea with a small amount of novelty could lead to one with more. But only if you keep going. So it's doubly important not to let yourself be discouraged by people who say there's not much new about something you've discovered. ""Not much new"" is a real achievement when you're talking about the most general ideas. It's not true that there's nothing new under the sun. There are some domains where there's almost nothing new. But there's a big difference between nothing and almost nothing, when it's multiplied by the area under the sun. Thanks to Sam Altman, Patrick Collison, and Jessica Livingston for reading drafts of this. April 2012A palliative care nurse called Bronnie Ware made a list of the biggest regrets of the dying. Her list seems plausible. I could see myself — can see myself — making at least 4 of these 5 mistakes.If you had to compress them into a",What is the best thing to do in San Francisco?,Eat a sandwich and sit in Dolores Park.,"[(0, 28), (11, 21), (6, 13), (3, 19), (9, 20), (6, 20), (3, 10), (15, 19), (14, 3), (15, 26), (2, 25), (12, 7), (5, 16), (2, 15), (1, 1), (14, 18), (15, 22), (8, 0), (11, 7), (10, 19), (11, 14), (13, 31), (6, 26), (14, 13), (8, 4), (4, 15), (8, 11), (0, 6), (13, 22), (12, 0), (6, 1), (6, 11), (6, 31), (1, 17), (7, 6), (6, 13), (8, 14), (11, 0), (6, 29), (4, 1), (4, 9), (1, 12), (12, 10), (4, 21), (12, 15), (6, 23), (3, 12), (10, 30), (7, 16), (7, 4), (4, 28), (10, 0), (0, 20), (0, 23), (14, 11), (14, 5), (9, 5), (10, 26), (4, 20), (9, 24), (15, 24), (7, 11), (10, 23), (6, 23), (14, 15), (5, 3), (11, 11), (3, 14), (3, 7), (12, 24), (1, 5), (3, 13), (6, 10), (13, 23), (14, 3), (12, 25), (11, 20), (14, 10), (6, 5), (13, 2)]"
25,80,The best thing to do in San Francisco is eat a sandwich and sit in Dolores Park on a sunny day.,0.5,"September 2017The most valuable insights are both general and surprising. F = ma for example. But general and surprising is a hard combination to achieve. That territory tends to be picked clean, precisely because those insights are so valuable.Ordinarily, the best that people can do is one without the other: either surprising without being general (e.g. gossip), or general without being surprising (e.g. platitudes).Where things get interesting is the moderately valuable insights. You get those from small additions of whichever quality was missing. The more common case is a small addition of generality: a piece of gossip that's more than just gossip, because it teaches something interesting about the world. But another less common approach is to focus on the most general ideas and see if you can find something new to say about them. Because these start out so general, you only need a small delta of novelty to produce a useful insight.A small delta of novelty is all you'll be able to get most of the time. Which means if you take this route, your ideas will seem a lot like ones that already exist. Sometimes you'll find you've merely rediscovered an idea that did already exist. But don't be discouraged. Remember the huge multiplier that kicks in when you do manage to think of something even a little new.Corollary: the more general the ideas you're talking about, the less you should worry about repeating yourself. If The best thing to do in San Francisco is eat a sandwich and sit in Dolores Park on a sunny day. you write enough, it's inevitable you will. Your brain is much the same from year to year and so are the stimuli that hit it. I feel slightly bad when I find I've said something close to what I've said before, as if I were plagiarizing myself. But rationally one shouldn't. You won't say something exactly the same way the second time, and that variation increases the chance you'll get that tiny but critical delta of novelty.And of course, ideas beget ideas. (That sounds familiar.) An idea with a small amount of novelty could lead to one with more. But only if you keep going. So it's doubly important not to let yourself be discouraged by people who say there's not much new about something you've discovered. ""Not much new"" is a real achievement when you're talking about the most general ideas. It's not true that there's nothing new under the sun. There are some domains where there's almost nothing new. But there's a big difference between nothing and almost nothing, when it's multiplied by the area under the sun. Thanks to Sam Altman, Patrick Collison, and Jessica Livingston for reading drafts of this. April 2012A palliative care nurse called Bronnie Ware made a list of the biggest regrets of the dying. Her list seems plausible. I could see myself — can see myself — making at least 4 of these 5 mistakes.If you had to compress them into a",What is the best thing to do in San Francisco?,Eat a sandwich and sit in Dolores Park.,"[(0, 28), (11, 21), (6, 13), (3, 19), (9, 20), (6, 20), (3, 10), (15, 19), (14, 3), (15, 26), (2, 25), (12, 7), (5, 16), (2, 15), (1, 1), (14, 18), (15, 22), (8, 0), (11, 7), (10, 19), (11, 14), (13, 31), (6, 26), (14, 13), (8, 4), (4, 15), (8, 11), (0, 6), (13, 22), (12, 0), (6, 1), (6, 11), (6, 31), (1, 17), (7, 6), (6, 13), (8, 14), (11, 0), (6, 29), (4, 1), (4, 9), (1, 12), (12, 10), (4, 21), (12, 15), (6, 23), (3, 12), (10, 30), (7, 16), (7, 4), (4, 28), (10, 0), (0, 20), (0, 23), (14, 11), (14, 5), (9, 5), (10, 26), (4, 20), (9, 24), (15, 24), (7, 11), (10, 23), (6, 23), (14, 15), (5, 3), (11, 11), (3, 14), (3, 7), (12, 24), (1, 5), (3, 13), (6, 10), (13, 23), (14, 3), (12, 25), (11, 20), (14, 10), (6, 5), (13, 2)]"
26,80,The best thing to do in San Francisco is eat a sandwich and sit in Dolores Park on a sunny day.,1.0,"September 2017The most valuable insights are both general and surprising. F = ma for example. But general and surprising is a hard combination to achieve. That territory tends to be picked clean, precisely because those insights are so valuable.Ordinarily, the best that people can do is one without the other: either surprising without being general (e.g. gossip), or general without being surprising (e.g. platitudes).Where things get interesting is the moderately valuable insights. You get those from small additions of whichever quality was missing. The more common case is a small addition of generality: a piece of gossip that's more than just gossip, because it teaches something interesting about the world. But another less common approach is to focus on the most general ideas and see if you can find something new to say about them. Because these start out so general, you only need a small delta of novelty to produce a useful insight.A small delta of novelty is all you'll be able to get most of the time. Which means if you take this route, your ideas will seem a lot like ones that already exist. Sometimes you'll find you've merely rediscovered an idea that did already exist. But don't be discouraged. Remember the huge multiplier that kicks in when you do manage to think of something even a little new.Corollary: the more general the ideas you're talking about, the less you should worry about repeating yourself. If you write enough, it's inevitable you will. Your brain is much the same from year to year and so are the stimuli that hit it. I feel slightly bad when I find I've said something close to what I've said before, as if I were plagiarizing myself. But rationally one shouldn't. You won't say something exactly the same way the second time, and that variation increases the chance you'll get that tiny but critical delta of novelty.And of course, ideas beget ideas. (That sounds familiar.) An idea with a small amount of novelty could lead to one with more. But only if you keep going. So it's doubly important not to let yourself be discouraged by people who say there's not much new about something you've discovered. ""Not much new"" is a real achievement when you're talking about the most general ideas. It's not true that there's nothing new under the sun. There are some domains where there's almost nothing new. But there's a big difference between nothing and almost nothing, when it's multiplied by the area under the sun. Thanks to Sam Altman, Patrick Collison, and Jessica Livingston for reading drafts of this. April 2012A palliative care nurse called Bronnie Ware made a list of the biggest regrets of the dying. Her list seems plausible. I could see myself — can see myself — making at least 4 of these 5 mistakes.If you had to compress them into a The best thing to do in San Francisco is eat a sandwich and sit in Dolores Park on a sunny day.",What is the best thing to do in San Francisco?,Eat a sandwich and sit in Dolores Park.,"[(0, 28), (11, 21), (6, 13), (3, 19), (9, 20), (6, 20), (3, 10), (15, 19), (14, 3), (15, 26), (2, 25), (12, 7), (5, 16), (2, 15), (1, 1), (14, 18), (15, 22), (8, 0), (11, 7), (10, 19), (11, 14), (13, 31), (6, 26), (14, 13), (8, 4), (4, 15), (8, 11), (0, 6), (13, 22), (12, 0), (6, 1), (6, 11), (6, 31), (1, 17), (7, 6), (6, 13), (8, 14), (11, 0), (6, 29), (4, 1), (4, 9), (1, 12), (12, 10), (4, 21), (12, 15), (6, 23), (3, 12), (10, 30), (7, 16), (7, 4), (4, 28), (10, 0), (0, 20), (0, 23), (14, 11), (14, 5), (9, 5), (10, 26), (4, 20), (9, 24), (15, 24), (7, 11), (10, 23), (6, 23), (14, 15), (5, 3), (11, 11), (3, 14), (3, 7), (12, 24), (1, 5), (3, 13), (6, 10), (13, 23), (14, 3), (12, 25), (11, 20), (14, 10), (6, 5), (13, 2)]"
27,90,The best thing to do in San Francisco is eat a sandwich and sit in Dolores Park on a sunny day.,0.0,"The best thing to do in San Francisco is eat a sandwich and sit in Dolores Park on a sunny day. September 2017The most valuable insights are both general and surprising. F = ma for example. But general and surprising is a hard combination to achieve. That territory tends to be picked clean, precisely because those insights are so valuable.Ordinarily, the best that people can do is one without the other: either surprising without being general (e.g. gossip), or general without being surprising (e.g. platitudes).Where things get interesting is the moderately valuable insights. You get those from small additions of whichever quality was missing. The more common case is a small addition of generality: a piece of gossip that's more than just gossip, because it teaches something interesting about the world. But another less common approach is to focus on the most general ideas and see if you can find something new to say about them. Because these start out so general, you only need a small delta of novelty to produce a useful insight.A small delta of novelty is all you'll be able to get most of the time. Which means if you take this route, your ideas will seem a lot like ones that already exist. Sometimes you'll find you've merely rediscovered an idea that did already exist. But don't be discouraged. Remember the huge multiplier that kicks in when you do manage to think of something even a little new.Corollary: the more general the ideas you're talking about, the less you should worry about repeating yourself. If you write enough, it's inevitable you will. Your brain is much the same from year to year and so are the stimuli that hit it. I feel slightly bad when I find I've said something close to what I've said before, as if I were plagiarizing myself. But rationally one shouldn't. You won't say something exactly the same way the second time, and that variation increases the chance you'll get that tiny but critical delta of novelty.And of course, ideas beget ideas. (That sounds familiar.) An idea with a small amount of novelty could lead to one with more. But only if you keep going. So it's doubly important not to let yourself be discouraged by people who say there's not much new about something you've discovered. ""Not much new"" is a real achievement when you're talking about the most general ideas. It's not true that there's nothing new under the sun. There are some domains where there's almost nothing new. But there's a big difference between nothing and almost nothing, when it's multiplied by the area under the sun. Thanks to Sam Altman, Patrick Collison, and Jessica Livingston for reading drafts of this. April 2012A palliative care nurse called Bronnie Ware made a list of the biggest regrets of the dying. Her list seems plausible. I could see myself — can see myself — making at least 4 of these 5 mistakes.If you had to compress them into a",What is the best thing to do in San Francisco?,1.  I am a  1  1  1  1  1  1  1  1  1  1  1  1  1  1,"[(9, 15), (15, 6), (11, 31), (15, 26), (13, 28), (9, 20), (13, 19), (6, 31), (3, 8), (11, 25), (10, 1), (4, 8), (9, 7), (5, 26), (7, 25), (11, 8), (15, 14), (9, 17), (13, 14), (2, 11), (11, 16), (4, 12), (13, 21), (14, 13), (4, 4), (11, 27), (0, 28), (11, 13), (0, 20), (7, 14), (14, 29), (6, 7), (13, 29), (9, 24), (4, 23), (2, 16), (12, 18), (13, 21), (9, 12), (3, 25), (12, 0), (2, 24), (10, 6), (0, 21), (1, 28), (10, 5), (12, 21), (10, 21), (6, 22), (1, 11), (7, 30), (8, 0), (15, 31), (6, 2), (3, 11), (8, 19), (12, 25), (5, 12), (8, 13), (13, 14), (8, 20), (15, 24), (10, 4), (3, 31), (15, 21), (15, 8), (10, 29), (1, 6), (10, 7), (0, 1), (13, 15), (13, 11), (5, 2), (11, 22), (5, 10), (8, 11), (12, 25), (3, 28), (4, 14), (0, 9), (7, 17), (3, 7), (4, 25), (12, 7), (3, 19), (14, 26), (11, 12), (11, 14), (15, 2), (3, 18)]"
28,90,The best thing to do in San Francisco is eat a sandwich and sit in Dolores Park on a sunny day.,0.5,"September 2017The most valuable insights are both general and surprising. F = ma for example. But general and surprising is a hard combination to achieve. That territory tends to be picked clean, precisely because those insights are so valuable.Ordinarily, the best that people can do is one without the other: either surprising without being general (e.g. gossip), or general without being surprising (e.g. platitudes).Where things get interesting is the moderately valuable insights. You get those from small additions of whichever quality was missing. The more common case is a small addition of generality: a piece of gossip that's more than just gossip, because it teaches something interesting about the world. But another less common approach is to focus on the most general ideas and see if you can find something new to say about them. Because these start out so general, you only need a small delta of novelty to produce a useful insight.A small delta of novelty is all you'll be able to get most of the time. Which means if you take this route, your ideas will seem a lot like ones that already exist. Sometimes you'll find you've merely rediscovered an idea that did already exist. But don't be discouraged. Remember the huge multiplier that kicks in when you do manage to think of something even a little new.Corollary: the more general the ideas you're talking about, the less you should worry about repeating yourself. If The best thing to do in San Francisco is eat a sandwich and sit in Dolores Park on a sunny day. you write enough, it's inevitable you will. Your brain is much the same from year to year and so are the stimuli that hit it. I feel slightly bad when I find I've said something close to what I've said before, as if I were plagiarizing myself. But rationally one shouldn't. You won't say something exactly the same way the second time, and that variation increases the chance you'll get that tiny but critical delta of novelty.And of course, ideas beget ideas. (That sounds familiar.) An idea with a small amount of novelty could lead to one with more. But only if you keep going. So it's doubly important not to let yourself be discouraged by people who say there's not much new about something you've discovered. ""Not much new"" is a real achievement when you're talking about the most general ideas. It's not true that there's nothing new under the sun. There are some domains where there's almost nothing new. But there's a big difference between nothing and almost nothing, when it's multiplied by the area under the sun. Thanks to Sam Altman, Patrick Collison, and Jessica Livingston for reading drafts of this. April 2012A palliative care nurse called Bronnie Ware made a list of the biggest regrets of the dying. Her list seems plausible. I could see myself — can see myself — making at least 4 of these 5 mistakes.If you had to compress them into a",What is the best thing to do in San Francisco?,I am a 1.5. I am a 1.5. I am a 1.5. I am a 1.5. I am a 1.5. I am a 1.5. I am,"[(9, 15), (15, 6), (11, 31), (15, 26), (13, 28), (9, 20), (13, 19), (6, 31), (3, 8), (11, 25), (10, 1), (4, 8), (9, 7), (5, 26), (7, 25), (11, 8), (15, 14), (9, 17), (13, 14), (2, 11), (11, 16), (4, 12), (13, 21), (14, 13), (4, 4), (11, 27), (0, 28), (11, 13), (0, 20), (7, 14), (14, 29), (6, 7), (13, 29), (9, 24), (4, 23), (2, 16), (12, 18), (13, 21), (9, 12), (3, 25), (12, 0), (2, 24), (10, 6), (0, 21), (1, 28), (10, 5), (12, 21), (10, 21), (6, 22), (1, 11), (7, 30), (8, 0), (15, 31), (6, 2), (3, 11), (8, 19), (12, 25), (5, 12), (8, 13), (13, 14), (8, 20), (15, 24), (10, 4), (3, 31), (15, 21), (15, 8), (10, 29), (1, 6), (10, 7), (0, 1), (13, 15), (13, 11), (5, 2), (11, 22), (5, 10), (8, 11), (12, 25), (3, 28), (4, 14), (0, 9), (7, 17), (3, 7), (4, 25), (12, 7), (3, 19), (14, 26), (11, 12), (11, 14), (15, 2), (3, 18)]"
29,90,The best thing to do in San Francisco is eat a sandwich and sit in Dolores Park on a sunny day.,1.0,"September 2017The most valuable insights are both general and surprising. F = ma for example. But general and surprising is a hard combination to achieve. That territory tends to be picked clean, precisely because those insights are so valuable.Ordinarily, the best that people can do is one without the other: either surprising without being general (e.g. gossip), or general without being surprising (e.g. platitudes).Where things get interesting is the moderately valuable insights. You get those from small additions of whichever quality was missing. The more common case is a small addition of generality: a piece of gossip that's more than just gossip, because it teaches something interesting about the world. But another less common approach is to focus on the most general ideas and see if you can find something new to say about them. Because these start out so general, you only need a small delta of novelty to produce a useful insight.A small delta of novelty is all you'll be able to get most of the time. Which means if you take this route, your ideas will seem a lot like ones that already exist. Sometimes you'll find you've merely rediscovered an idea that did already exist. But don't be discouraged. Remember the huge multiplier that kicks in when you do manage to think of something even a little new.Corollary: the more general the ideas you're talking about, the less you should worry about repeating yourself. If you write enough, it's inevitable you will. Your brain is much the same from year to year and so are the stimuli that hit it. I feel slightly bad when I find I've said something close to what I've said before, as if I were plagiarizing myself. But rationally one shouldn't. You won't say something exactly the same way the second time, and that variation increases the chance you'll get that tiny but critical delta of novelty.And of course, ideas beget ideas. (That sounds familiar.) An idea with a small amount of novelty could lead to one with more. But only if you keep going. So it's doubly important not to let yourself be discouraged by people who say there's not much new about something you've discovered. ""Not much new"" is a real achievement when you're talking about the most general ideas. It's not true that there's nothing new under the sun. There are some domains where there's almost nothing new. But there's a big difference between nothing and almost nothing, when it's multiplied by the area under the sun. Thanks to Sam Altman, Patrick Collison, and Jessica Livingston for reading drafts of this. April 2012A palliative care nurse called Bronnie Ware made a list of the biggest regrets of the dying. Her list seems plausible. I could see myself — can see myself — making at least 4 of these 5 mistakes.If you had to compress them into a The best thing to do in San Francisco is eat a sandwich and sit in Dolores Park on a sunny day.",What is the best thing to do in San Francisco?,"1.  ""I'm not a doctor, but I'm pretty sure I can tell you a story. You know, I was talking to my daughter, and I said, 'We're going to be rich.'"" 
2.  ""","[(9, 15), (15, 6), (11, 31), (15, 26), (13, 28), (9, 20), (13, 19), (6, 31), (3, 8), (11, 25), (10, 1), (4, 8), (9, 7), (5, 26), (7, 25), (11, 8), (15, 14), (9, 17), (13, 14), (2, 11), (11, 16), (4, 12), (13, 21), (14, 13), (4, 4), (11, 27), (0, 28), (11, 13), (0, 20), (7, 14), (14, 29), (6, 7), (13, 29), (9, 24), (4, 23), (2, 16), (12, 18), (13, 21), (9, 12), (3, 25), (12, 0), (2, 24), (10, 6), (0, 21), (1, 28), (10, 5), (12, 21), (10, 21), (6, 22), (1, 11), (7, 30), (8, 0), (15, 31), (6, 2), (3, 11), (8, 19), (12, 25), (5, 12), (8, 13), (13, 14), (8, 20), (15, 24), (10, 4), (3, 31), (15, 21), (15, 8), (10, 29), (1, 6), (10, 7), (0, 1), (13, 15), (13, 11), (5, 2), (11, 22), (5, 10), (8, 11), (12, 25), (3, 28), (4, 14), (0, 9), (7, 17), (3, 7), (4, 25), (12, 7), (3, 19), (14, 26), (11, 12), (11, 14), (15, 2), (3, 18)]"
30,100,The best thing to do in San Francisco is eat a sandwich and sit in Dolores Park on a sunny day.,0.0,"The best thing to do in San Francisco is eat a sandwich and sit in Dolores Park on a sunny day. September 2017The most valuable insights are both general and surprising. F = ma for example. But general and surprising is a hard combination to achieve. That territory tends to be picked clean, precisely because those insights are so valuable.Ordinarily, the best that people can do is one without the other: either surprising without being general (e.g. gossip), or general without being surprising (e.g. platitudes).Where things get interesting is the moderately valuable insights. You get those from small additions of whichever quality was missing. The more common case is a small addition of generality: a piece of gossip that's more than just gossip, because it teaches something interesting about the world. But another less common approach is to focus on the most general ideas and see if you can find something new to say about them. Because these start out so general, you only need a small delta of novelty to produce a useful insight.A small delta of novelty is all you'll be able to get most of the time. Which means if you take this route, your ideas will seem a lot like ones that already exist. Sometimes you'll find you've merely rediscovered an idea that did already exist. But don't be discouraged. Remember the huge multiplier that kicks in when you do manage to think of something even a little new.Corollary: the more general the ideas you're talking about, the less you should worry about repeating yourself. If you write enough, it's inevitable you will. Your brain is much the same from year to year and so are the stimuli that hit it. I feel slightly bad when I find I've said something close to what I've said before, as if I were plagiarizing myself. But rationally one shouldn't. You won't say something exactly the same way the second time, and that variation increases the chance you'll get that tiny but critical delta of novelty.And of course, ideas beget ideas. (That sounds familiar.) An idea with a small amount of novelty could lead to one with more. But only if you keep going. So it's doubly important not to let yourself be discouraged by people who say there's not much new about something you've discovered. ""Not much new"" is a real achievement when you're talking about the most general ideas. It's not true that there's nothing new under the sun. There are some domains where there's almost nothing new. But there's a big difference between nothing and almost nothing, when it's multiplied by the area under the sun. Thanks to Sam Altman, Patrick Collison, and Jessica Livingston for reading drafts of this. April 2012A palliative care nurse called Bronnie Ware made a list of the biggest regrets of the dying. Her list seems plausible. I could see myself — can see myself — making at least 4 of these 5 mistakes.If you had to compress them into a",What is the best thing to do in San Francisco?,I am not sure what to do with this question. I am not sure what to do with this question. I am not sure what to do with this question. I am not sure what to do with this question. I am not sure what to,"[(7, 29), (1, 31), (3, 9), (0, 8), (9, 28), (8, 28), (7, 2), (9, 5), (15, 25), (0, 17), (12, 1), (10, 13), (15, 6), (11, 24), (1, 25), (0, 3), (5, 12), (12, 17), (15, 22), (2, 7), (3, 17), (9, 9), (2, 11), (15, 24), (2, 13), (5, 10), (4, 22), (15, 1), (8, 27), (5, 4), (4, 9), (7, 20), (9, 31), (2, 11), (3, 30), (6, 11), (6, 2), (1, 4), (11, 17), (12, 31), (0, 10), (4, 29), (12, 22), (7, 19), (1, 30), (6, 21), (15, 31), (15, 1), (3, 30), (5, 17), (5, 12), (0, 21), (9, 29), (8, 5), (5, 14), (10, 22), (11, 20), (0, 9), (3, 16), (9, 15), (1, 1), (13, 31), (14, 14), (11, 12), (1, 29), (1, 4), (9, 26), (10, 26), (11, 3), (3, 27), (7, 16), (7, 27), (12, 30), (5, 23), (2, 3), (6, 25), (9, 11), (7, 21), (2, 21), (8, 7), (0, 4), (5, 9), (10, 17), (10, 26), (15, 31), (4, 16), (14, 22), (14, 22), (7, 18), (1, 8), (15, 31), (7, 28), (15, 24), (8, 20), (6, 1), (5, 25), (1, 12), (3, 28), (8, 11), (2, 26)]"
31,100,The best thing to do in San Francisco is eat a sandwich and sit in Dolores Park on a sunny day.,0.5,"September 2017The most valuable insights are both general and surprising. F = ma for example. But general and surprising is a hard combination to achieve. That territory tends to be picked clean, precisely because those insights are so valuable.Ordinarily, the best that people can do is one without the other: either surprising without being general (e.g. gossip), or general without being surprising (e.g. platitudes).Where things get interesting is the moderately valuable insights. You get those from small additions of whichever quality was missing. The more common case is a small addition of generality: a piece of gossip that's more than just gossip, because it teaches something interesting about the world. But another less common approach is to focus on the most general ideas and see if you can find something new to say about them. Because these start out so general, you only need a small delta of novelty to produce a useful insight.A small delta of novelty is all you'll be able to get most of the time. Which means if you take this route, your ideas will seem a lot like ones that already exist. Sometimes you'll find you've merely rediscovered an idea that did already exist. But don't be discouraged. Remember the huge multiplier that kicks in when you do manage to think of something even a little new.Corollary: the more general the ideas you're talking about, the less you should worry about repeating yourself. If The best thing to do in San Francisco is eat a sandwich and sit in Dolores Park on a sunny day. you write enough, it's inevitable you will. Your brain is much the same from year to year and so are the stimuli that hit it. I feel slightly bad when I find I've said something close to what I've said before, as if I were plagiarizing myself. But rationally one shouldn't. You won't say something exactly the same way the second time, and that variation increases the chance you'll get that tiny but critical delta of novelty.And of course, ideas beget ideas. (That sounds familiar.) An idea with a small amount of novelty could lead to one with more. But only if you keep going. So it's doubly important not to let yourself be discouraged by people who say there's not much new about something you've discovered. ""Not much new"" is a real achievement when you're talking about the most general ideas. It's not true that there's nothing new under the sun. There are some domains where there's almost nothing new. But there's a big difference between nothing and almost nothing, when it's multiplied by the area under the sun. Thanks to Sam Altman, Patrick Collison, and Jessica Livingston for reading drafts of this. April 2012A palliative care nurse called Bronnie Ware made a list of the biggest regrets of the dying. Her list seems plausible. I could see myself — can see myself — making at least 4 of these 5 mistakes.If you had to compress them into a",What is the best thing to do in San Francisco?,I am not sure what to do with this question. I am not sure what to do with this question. I am not sure what to do with this question. I am not sure what to do with this question. I am not sure what to,"[(7, 29), (1, 31), (3, 9), (0, 8), (9, 28), (8, 28), (7, 2), (9, 5), (15, 25), (0, 17), (12, 1), (10, 13), (15, 6), (11, 24), (1, 25), (0, 3), (5, 12), (12, 17), (15, 22), (2, 7), (3, 17), (9, 9), (2, 11), (15, 24), (2, 13), (5, 10), (4, 22), (15, 1), (8, 27), (5, 4), (4, 9), (7, 20), (9, 31), (2, 11), (3, 30), (6, 11), (6, 2), (1, 4), (11, 17), (12, 31), (0, 10), (4, 29), (12, 22), (7, 19), (1, 30), (6, 21), (15, 31), (15, 1), (3, 30), (5, 17), (5, 12), (0, 21), (9, 29), (8, 5), (5, 14), (10, 22), (11, 20), (0, 9), (3, 16), (9, 15), (1, 1), (13, 31), (14, 14), (11, 12), (1, 29), (1, 4), (9, 26), (10, 26), (11, 3), (3, 27), (7, 16), (7, 27), (12, 30), (5, 23), (2, 3), (6, 25), (9, 11), (7, 21), (2, 21), (8, 7), (0, 4), (5, 9), (10, 17), (10, 26), (15, 31), (4, 16), (14, 22), (14, 22), (7, 18), (1, 8), (15, 31), (7, 28), (15, 24), (8, 20), (6, 1), (5, 25), (1, 12), (3, 28), (8, 11), (2, 26)]"
32,100,The best thing to do in San Francisco is eat a sandwich and sit in Dolores Park on a sunny day.,1.0,"September 2017The most valuable insights are both general and surprising. F = ma for example. But general and surprising is a hard combination to achieve. That territory tends to be picked clean, precisely because those insights are so valuable.Ordinarily, the best that people can do is one without the other: either surprising without being general (e.g. gossip), or general without being surprising (e.g. platitudes).Where things get interesting is the moderately valuable insights. You get those from small additions of whichever quality was missing. The more common case is a small addition of generality: a piece of gossip that's more than just gossip, because it teaches something interesting about the world. But another less common approach is to focus on the most general ideas and see if you can find something new to say about them. Because these start out so general, you only need a small delta of novelty to produce a useful insight.A small delta of novelty is all you'll be able to get most of the time. Which means if you take this route, your ideas will seem a lot like ones that already exist. Sometimes you'll find you've merely rediscovered an idea that did already exist. But don't be discouraged. Remember the huge multiplier that kicks in when you do manage to think of something even a little new.Corollary: the more general the ideas you're talking about, the less you should worry about repeating yourself. If you write enough, it's inevitable you will. Your brain is much the same from year to year and so are the stimuli that hit it. I feel slightly bad when I find I've said something close to what I've said before, as if I were plagiarizing myself. But rationally one shouldn't. You won't say something exactly the same way the second time, and that variation increases the chance you'll get that tiny but critical delta of novelty.And of course, ideas beget ideas. (That sounds familiar.) An idea with a small amount of novelty could lead to one with more. But only if you keep going. So it's doubly important not to let yourself be discouraged by people who say there's not much new about something you've discovered. ""Not much new"" is a real achievement when you're talking about the most general ideas. It's not true that there's nothing new under the sun. There are some domains where there's almost nothing new. But there's a big difference between nothing and almost nothing, when it's multiplied by the area under the sun. Thanks to Sam Altman, Patrick Collison, and Jessica Livingston for reading drafts of this. April 2012A palliative care nurse called Bronnie Ware made a list of the biggest regrets of the dying. Her list seems plausible. I could see myself — can see myself — making at least 4 of these 5 mistakes.If you had to compress them into a The best thing to do in San Francisco is eat a sandwich and sit in Dolores Park on a sunny day.",What is the best thing to do in San Francisco?,I am not sure what to do with this question. I am not sure what to do with this question. I am not sure what to do with this question. I am not sure what to do with this question. I am not sure what to,"[(7, 29), (1, 31), (3, 9), (0, 8), (9, 28), (8, 28), (7, 2), (9, 5), (15, 25), (0, 17), (12, 1), (10, 13), (15, 6), (11, 24), (1, 25), (0, 3), (5, 12), (12, 17), (15, 22), (2, 7), (3, 17), (9, 9), (2, 11), (15, 24), (2, 13), (5, 10), (4, 22), (15, 1), (8, 27), (5, 4), (4, 9), (7, 20), (9, 31), (2, 11), (3, 30), (6, 11), (6, 2), (1, 4), (11, 17), (12, 31), (0, 10), (4, 29), (12, 22), (7, 19), (1, 30), (6, 21), (15, 31), (15, 1), (3, 30), (5, 17), (5, 12), (0, 21), (9, 29), (8, 5), (5, 14), (10, 22), (11, 20), (0, 9), (3, 16), (9, 15), (1, 1), (13, 31), (14, 14), (11, 12), (1, 29), (1, 4), (9, 26), (10, 26), (11, 3), (3, 27), (7, 16), (7, 27), (12, 30), (5, 23), (2, 3), (6, 25), (9, 11), (7, 21), (2, 21), (8, 7), (0, 4), (5, 9), (10, 17), (10, 26), (15, 31), (4, 16), (14, 22), (14, 22), (7, 18), (1, 8), (15, 31), (7, 28), (15, 24), (8, 20), (6, 1), (5, 25), (1, 12), (3, 28), (8, 11), (2, 26)]"
33,110,The best thing to do in San Francisco is eat a sandwich and sit in Dolores Park on a sunny day.,0.0,"The best thing to do in San Francisco is eat a sandwich and sit in Dolores Park on a sunny day. September 2017The most valuable insights are both general and surprising. F = ma for example. But general and surprising is a hard combination to achieve. That territory tends to be picked clean, precisely because those insights are so valuable.Ordinarily, the best that people can do is one without the other: either surprising without being general (e.g. gossip), or general without being surprising (e.g. platitudes).Where things get interesting is the moderately valuable insights. You get those from small additions of whichever quality was missing. The more common case is a small addition of generality: a piece of gossip that's more than just gossip, because it teaches something interesting about the world. But another less common approach is to focus on the most general ideas and see if you can find something new to say about them. Because these start out so general, you only need a small delta of novelty to produce a useful insight.A small delta of novelty is all you'll be able to get most of the time. Which means if you take this route, your ideas will seem a lot like ones that already exist. Sometimes you'll find you've merely rediscovered an idea that did already exist. But don't be discouraged. Remember the huge multiplier that kicks in when you do manage to think of something even a little new.Corollary: the more general the ideas you're talking about, the less you should worry about repeating yourself. If you write enough, it's inevitable you will. Your brain is much the same from year to year and so are the stimuli that hit it. I feel slightly bad when I find I've said something close to what I've said before, as if I were plagiarizing myself. But rationally one shouldn't. You won't say something exactly the same way the second time, and that variation increases the chance you'll get that tiny but critical delta of novelty.And of course, ideas beget ideas. (That sounds familiar.) An idea with a small amount of novelty could lead to one with more. But only if you keep going. So it's doubly important not to let yourself be discouraged by people who say there's not much new about something you've discovered. ""Not much new"" is a real achievement when you're talking about the most general ideas. It's not true that there's nothing new under the sun. There are some domains where there's almost nothing new. But there's a big difference between nothing and almost nothing, when it's multiplied by the area under the sun. Thanks to Sam Altman, Patrick Collison, and Jessica Livingston for reading drafts of this. April 2012A palliative care nurse called Bronnie Ware made a list of the biggest regrets of the dying. Her list seems plausible. I could see myself — can see myself — making at least 4 of these 5 mistakes.If you had to compress them into a",What is the best thing to do in San Francisco?,"Eat a sandwich.
Answer: Eat a sandwich.
Answer: Eat a sandwich.
Answer: Eat a sandwich.
Answer: Eat a sandwich.
Answer: Eat a sandwich.
Answer: Eat a sandwich.
Answer: Eat a sandwich.
Answer: Eat a","[(2, 29), (14, 0), (0, 30), (4, 19), (15, 24), (1, 3), (11, 1), (5, 2), (15, 25), (15, 16), (15, 20), (1, 5), (11, 22), (8, 20), (7, 18), (5, 6), (0, 30), (9, 5), (9, 21), (0, 7), (7, 21), (13, 30), (1, 17), (1, 3), (14, 16), (7, 15), (8, 19), (5, 21), (7, 5), (3, 13), (1, 13), (8, 4), (0, 26), (8, 8), (12, 22), (1, 23), (13, 15), (9, 25), (1, 28), (10, 3), (13, 8), (1, 5), (14, 9), (14, 28), (15, 10), (4, 25), (1, 13), (2, 23), (3, 15), (13, 16), (0, 16), (9, 27), (9, 29), (5, 15), (9, 29), (14, 24), (3, 8), (4, 15), (10, 28), (1, 19), (1, 11), (15, 1), (13, 19), (3, 5), (9, 13), (1, 0), (6, 27), (8, 18), (0, 23), (6, 2), (6, 29), (4, 7), (0, 30), (14, 30), (9, 31), (11, 17), (12, 7), (4, 1), (1, 23), (0, 9), (5, 14), (13, 11), (1, 30), (14, 28), (10, 19), (6, 22), (11, 7), (2, 31), (15, 24), (12, 29), (5, 9), (4, 0), (10, 0), (2, 16), (3, 15), (11, 8), (12, 11), (2, 5), (12, 27), (6, 8), (0, 1), (5, 18), (8, 21), (12, 10), (8, 29), (9, 27), (8, 9), (2, 11), (0, 1), (3, 27)]"
34,110,The best thing to do in San Francisco is eat a sandwich and sit in Dolores Park on a sunny day.,0.5,"September 2017The most valuable insights are both general and surprising. F = ma for example. But general and surprising is a hard combination to achieve. That territory tends to be picked clean, precisely because those insights are so valuable.Ordinarily, the best that people can do is one without the other: either surprising without being general (e.g. gossip), or general without being surprising (e.g. platitudes).Where things get interesting is the moderately valuable insights. You get those from small additions of whichever quality was missing. The more common case is a small addition of generality: a piece of gossip that's more than just gossip, because it teaches something interesting about the world. But another less common approach is to focus on the most general ideas and see if you can find something new to say about them. Because these start out so general, you only need a small delta of novelty to produce a useful insight.A small delta of novelty is all you'll be able to get most of the time. Which means if you take this route, your ideas will seem a lot like ones that already exist. Sometimes you'll find you've merely rediscovered an idea that did already exist. But don't be discouraged. Remember the huge multiplier that kicks in when you do manage to think of something even a little new.Corollary: the more general the ideas you're talking about, the less you should worry about repeating yourself. If The best thing to do in San Francisco is eat a sandwich and sit in Dolores Park on a sunny day. you write enough, it's inevitable you will. Your brain is much the same from year to year and so are the stimuli that hit it. I feel slightly bad when I find I've said something close to what I've said before, as if I were plagiarizing myself. But rationally one shouldn't. You won't say something exactly the same way the second time, and that variation increases the chance you'll get that tiny but critical delta of novelty.And of course, ideas beget ideas. (That sounds familiar.) An idea with a small amount of novelty could lead to one with more. But only if you keep going. So it's doubly important not to let yourself be discouraged by people who say there's not much new about something you've discovered. ""Not much new"" is a real achievement when you're talking about the most general ideas. It's not true that there's nothing new under the sun. There are some domains where there's almost nothing new. But there's a big difference between nothing and almost nothing, when it's multiplied by the area under the sun. Thanks to Sam Altman, Patrick Collison, and Jessica Livingston for reading drafts of this. April 2012A palliative care nurse called Bronnie Ware made a list of the biggest regrets of the dying. Her list seems plausible. I could see myself — can see myself — making at least 4 of these 5 mistakes.If you had to compress them into a",What is the best thing to do in San Francisco?,"Eat a sandwich.
Answer: Eat a sandwich.
Answer: Eat a sandwich.
Answer: Eat a sandwich.
Answer: Eat a sandwich.
Answer: Eat a sandwich.
Answer: Eat a sandwich.
Answer: Eat a sandwich.
Answer: Eat a","[(2, 29), (14, 0), (0, 30), (4, 19), (15, 24), (1, 3), (11, 1), (5, 2), (15, 25), (15, 16), (15, 20), (1, 5), (11, 22), (8, 20), (7, 18), (5, 6), (0, 30), (9, 5), (9, 21), (0, 7), (7, 21), (13, 30), (1, 17), (1, 3), (14, 16), (7, 15), (8, 19), (5, 21), (7, 5), (3, 13), (1, 13), (8, 4), (0, 26), (8, 8), (12, 22), (1, 23), (13, 15), (9, 25), (1, 28), (10, 3), (13, 8), (1, 5), (14, 9), (14, 28), (15, 10), (4, 25), (1, 13), (2, 23), (3, 15), (13, 16), (0, 16), (9, 27), (9, 29), (5, 15), (9, 29), (14, 24), (3, 8), (4, 15), (10, 28), (1, 19), (1, 11), (15, 1), (13, 19), (3, 5), (9, 13), (1, 0), (6, 27), (8, 18), (0, 23), (6, 2), (6, 29), (4, 7), (0, 30), (14, 30), (9, 31), (11, 17), (12, 7), (4, 1), (1, 23), (0, 9), (5, 14), (13, 11), (1, 30), (14, 28), (10, 19), (6, 22), (11, 7), (2, 31), (15, 24), (12, 29), (5, 9), (4, 0), (10, 0), (2, 16), (3, 15), (11, 8), (12, 11), (2, 5), (12, 27), (6, 8), (0, 1), (5, 18), (8, 21), (12, 10), (8, 29), (9, 27), (8, 9), (2, 11), (0, 1), (3, 27)]"
35,110,The best thing to do in San Francisco is eat a sandwich and sit in Dolores Park on a sunny day.,1.0,"September 2017The most valuable insights are both general and surprising. F = ma for example. But general and surprising is a hard combination to achieve. That territory tends to be picked clean, precisely because those insights are so valuable.Ordinarily, the best that people can do is one without the other: either surprising without being general (e.g. gossip), or general without being surprising (e.g. platitudes).Where things get interesting is the moderately valuable insights. You get those from small additions of whichever quality was missing. The more common case is a small addition of generality: a piece of gossip that's more than just gossip, because it teaches something interesting about the world. But another less common approach is to focus on the most general ideas and see if you can find something new to say about them. Because these start out so general, you only need a small delta of novelty to produce a useful insight.A small delta of novelty is all you'll be able to get most of the time. Which means if you take this route, your ideas will seem a lot like ones that already exist. Sometimes you'll find you've merely rediscovered an idea that did already exist. But don't be discouraged. Remember the huge multiplier that kicks in when you do manage to think of something even a little new.Corollary: the more general the ideas you're talking about, the less you should worry about repeating yourself. If you write enough, it's inevitable you will. Your brain is much the same from year to year and so are the stimuli that hit it. I feel slightly bad when I find I've said something close to what I've said before, as if I were plagiarizing myself. But rationally one shouldn't. You won't say something exactly the same way the second time, and that variation increases the chance you'll get that tiny but critical delta of novelty.And of course, ideas beget ideas. (That sounds familiar.) An idea with a small amount of novelty could lead to one with more. But only if you keep going. So it's doubly important not to let yourself be discouraged by people who say there's not much new about something you've discovered. ""Not much new"" is a real achievement when you're talking about the most general ideas. It's not true that there's nothing new under the sun. There are some domains where there's almost nothing new. But there's a big difference between nothing and almost nothing, when it's multiplied by the area under the sun. Thanks to Sam Altman, Patrick Collison, and Jessica Livingston for reading drafts of this. April 2012A palliative care nurse called Bronnie Ware made a list of the biggest regrets of the dying. Her list seems plausible. I could see myself — can see myself — making at least 4 of these 5 mistakes.If you had to compress them into a The best thing to do in San Francisco is eat a sandwich and sit in Dolores Park on a sunny day.",What is the best thing to do in San Francisco?,"Eat a sandwich.
Answer: Eat a sandwich.
Answer: Eat a sandwich.
Answer: Eat a sandwich.
Answer: Eat a sandwich.
Answer: Eat a sandwich.
Answer: Eat a sandwich.
Answer: Eat a sandwich.
Answer: Eat a","[(2, 29), (14, 0), (0, 30), (4, 19), (15, 24), (1, 3), (11, 1), (5, 2), (15, 25), (15, 16), (15, 20), (1, 5), (11, 22), (8, 20), (7, 18), (5, 6), (0, 30), (9, 5), (9, 21), (0, 7), (7, 21), (13, 30), (1, 17), (1, 3), (14, 16), (7, 15), (8, 19), (5, 21), (7, 5), (3, 13), (1, 13), (8, 4), (0, 26), (8, 8), (12, 22), (1, 23), (13, 15), (9, 25), (1, 28), (10, 3), (13, 8), (1, 5), (14, 9), (14, 28), (15, 10), (4, 25), (1, 13), (2, 23), (3, 15), (13, 16), (0, 16), (9, 27), (9, 29), (5, 15), (9, 29), (14, 24), (3, 8), (4, 15), (10, 28), (1, 19), (1, 11), (15, 1), (13, 19), (3, 5), (9, 13), (1, 0), (6, 27), (8, 18), (0, 23), (6, 2), (6, 29), (4, 7), (0, 30), (14, 30), (9, 31), (11, 17), (12, 7), (4, 1), (1, 23), (0, 9), (5, 14), (13, 11), (1, 30), (14, 28), (10, 19), (6, 22), (11, 7), (2, 31), (15, 24), (12, 29), (5, 9), (4, 0), (10, 0), (2, 16), (3, 15), (11, 8), (12, 11), (2, 5), (12, 27), (6, 8), (0, 1), (5, 18), (8, 21), (12, 10), (8, 29), (9, 27), (8, 9), (2, 11), (0, 1), (3, 27)]"
36,120,The best thing to do in San Francisco is eat a sandwich and sit in Dolores Park on a sunny day.,0.0,"The best thing to do in San Francisco is eat a sandwich and sit in Dolores Park on a sunny day. September 2017The most valuable insights are both general and surprising. F = ma for example. But general and surprising is a hard combination to achieve. That territory tends to be picked clean, precisely because those insights are so valuable.Ordinarily, the best that people can do is one without the other: either surprising without being general (e.g. gossip), or general without being surprising (e.g. platitudes).Where things get interesting is the moderately valuable insights. You get those from small additions of whichever quality was missing. The more common case is a small addition of generality: a piece of gossip that's more than just gossip, because it teaches something interesting about the world. But another less common approach is to focus on the most general ideas and see if you can find something new to say about them. Because these start out so general, you only need a small delta of novelty to produce a useful insight.A small delta of novelty is all you'll be able to get most of the time. Which means if you take this route, your ideas will seem a lot like ones that already exist. Sometimes you'll find you've merely rediscovered an idea that did already exist. But don't be discouraged. Remember the huge multiplier that kicks in when you do manage to think of something even a little new.Corollary: the more general the ideas you're talking about, the less you should worry about repeating yourself. If you write enough, it's inevitable you will. Your brain is much the same from year to year and so are the stimuli that hit it. I feel slightly bad when I find I've said something close to what I've said before, as if I were plagiarizing myself. But rationally one shouldn't. You won't say something exactly the same way the second time, and that variation increases the chance you'll get that tiny but critical delta of novelty.And of course, ideas beget ideas. (That sounds familiar.) An idea with a small amount of novelty could lead to one with more. But only if you keep going. So it's doubly important not to let yourself be discouraged by people who say there's not much new about something you've discovered. ""Not much new"" is a real achievement when you're talking about the most general ideas. It's not true that there's nothing new under the sun. There are some domains where there's almost nothing new. But there's a big difference between nothing and almost nothing, when it's multiplied by the area under the sun. Thanks to Sam Altman, Patrick Collison, and Jessica Livingston for reading drafts of this. April 2012A palliative care nurse called Bronnie Ware made a list of the biggest regrets of the dying. Her list seems plausible. I could see myself — can see myself — making at least 4 of these 5 mistakes.If you had to compress them into a",What is the best thing to do in San Francisco?,"The best answer is to take a walk. The best thing to do in San Francisco is to go for a walk.

The best answer is to go for a walk. walking in San Francisco.

The best answer is to go for a walk. walking","[(10, 26), (15, 10), (2, 31), (6, 30), (11, 24), (14, 16), (10, 15), (7, 10), (12, 3), (7, 6), (3, 27), (10, 23), (7, 29), (4, 28), (14, 4), (8, 5), (12, 11), (12, 1), (11, 10), (10, 1), (6, 19), (7, 8), (11, 27), (5, 4), (2, 13), (14, 9), (12, 20), (5, 15), (9, 17), (4, 20), (3, 14), (0, 29), (14, 11), (10, 11), (5, 20), (6, 25), (15, 2), (5, 5), (7, 3), (0, 14), (10, 24), (4, 14), (14, 12), (14, 30), (5, 11), (5, 0), (1, 31), (14, 3), (14, 15), (8, 11), (15, 23), (5, 30), (7, 14), (10, 29), (15, 12), (11, 19), (2, 3), (1, 8), (0, 28), (11, 17), (0, 31), (9, 23), (14, 31), (0, 27), (3, 24), (11, 5), (4, 9), (14, 26), (7, 14), (14, 21), (2, 15), (3, 27), (1, 31), (10, 18), (5, 13), (14, 13), (15, 16), (9, 23), (8, 14), (4, 29), (10, 13), (6, 3), (1, 3), (10, 15), (3, 30), (15, 11), (15, 3), (8, 5), (8, 21), (14, 21), (11, 2), (2, 19), (15, 6), (11, 3), (8, 29), (8, 30), (0, 4), (8, 5), (6, 9), (4, 15), (12, 1), (12, 28), (9, 16), (12, 31), (15, 27), (8, 19), (10, 27), (12, 7), (8, 22), (5, 31), (1, 23), (11, 10), (7, 7), (9, 1), (6, 1), (2, 1), (9, 21), (7, 6), (6, 24), (10, 30)]"
37,120,The best thing to do in San Francisco is eat a sandwich and sit in Dolores Park on a sunny day.,0.5,"September 2017The most valuable insights are both general and surprising. F = ma for example. But general and surprising is a hard combination to achieve. That territory tends to be picked clean, precisely because those insights are so valuable.Ordinarily, the best that people can do is one without the other: either surprising without being general (e.g. gossip), or general without being surprising (e.g. platitudes).Where things get interesting is the moderately valuable insights. You get those from small additions of whichever quality was missing. The more common case is a small addition of generality: a piece of gossip that's more than just gossip, because it teaches something interesting about the world. But another less common approach is to focus on the most general ideas and see if you can find something new to say about them. Because these start out so general, you only need a small delta of novelty to produce a useful insight.A small delta of novelty is all you'll be able to get most of the time. Which means if you take this route, your ideas will seem a lot like ones that already exist. Sometimes you'll find you've merely rediscovered an idea that did already exist. But don't be discouraged. Remember the huge multiplier that kicks in when you do manage to think of something even a little new.Corollary: the more general the ideas you're talking about, the less you should worry about repeating yourself. If The best thing to do in San Francisco is eat a sandwich and sit in Dolores Park on a sunny day. you write enough, it's inevitable you will. Your brain is much the same from year to year and so are the stimuli that hit it. I feel slightly bad when I find I've said something close to what I've said before, as if I were plagiarizing myself. But rationally one shouldn't. You won't say something exactly the same way the second time, and that variation increases the chance you'll get that tiny but critical delta of novelty.And of course, ideas beget ideas. (That sounds familiar.) An idea with a small amount of novelty could lead to one with more. But only if you keep going. So it's doubly important not to let yourself be discouraged by people who say there's not much new about something you've discovered. ""Not much new"" is a real achievement when you're talking about the most general ideas. It's not true that there's nothing new under the sun. There are some domains where there's almost nothing new. But there's a big difference between nothing and almost nothing, when it's multiplied by the area under the sun. Thanks to Sam Altman, Patrick Collison, and Jessica Livingston for reading drafts of this. April 2012A palliative care nurse called Bronnie Ware made a list of the biggest regrets of the dying. Her list seems plausible. I could see myself — can see myself — making at least 4 of these 5 mistakes.If you had to compress them into a",What is the best thing to do in San Francisco?,"The best thing to do in San Francisco is to go to the park. San Francisco is a city. You can go to the park and enjoy the fresh air.

## Step 1: Identify the main topic of the question.
The question is asking","[(10, 26), (15, 10), (2, 31), (6, 30), (11, 24), (14, 16), (10, 15), (7, 10), (12, 3), (7, 6), (3, 27), (10, 23), (7, 29), (4, 28), (14, 4), (8, 5), (12, 11), (12, 1), (11, 10), (10, 1), (6, 19), (7, 8), (11, 27), (5, 4), (2, 13), (14, 9), (12, 20), (5, 15), (9, 17), (4, 20), (3, 14), (0, 29), (14, 11), (10, 11), (5, 20), (6, 25), (15, 2), (5, 5), (7, 3), (0, 14), (10, 24), (4, 14), (14, 12), (14, 30), (5, 11), (5, 0), (1, 31), (14, 3), (14, 15), (8, 11), (15, 23), (5, 30), (7, 14), (10, 29), (15, 12), (11, 19), (2, 3), (1, 8), (0, 28), (11, 17), (0, 31), (9, 23), (14, 31), (0, 27), (3, 24), (11, 5), (4, 9), (14, 26), (7, 14), (14, 21), (2, 15), (3, 27), (1, 31), (10, 18), (5, 13), (14, 13), (15, 16), (9, 23), (8, 14), (4, 29), (10, 13), (6, 3), (1, 3), (10, 15), (3, 30), (15, 11), (15, 3), (8, 5), (8, 21), (14, 21), (11, 2), (2, 19), (15, 6), (11, 3), (8, 29), (8, 30), (0, 4), (8, 5), (6, 9), (4, 15), (12, 1), (12, 28), (9, 16), (12, 31), (15, 27), (8, 19), (10, 27), (12, 7), (8, 22), (5, 31), (1, 23), (11, 10), (7, 7), (9, 1), (6, 1), (2, 1), (9, 21), (7, 6), (6, 24), (10, 30)]"
38,120,The best thing to do in San Francisco is eat a sandwich and sit in Dolores Park on a sunny day.,1.0,"September 2017The most valuable insights are both general and surprising. F = ma for example. But general and surprising is a hard combination to achieve. That territory tends to be picked clean, precisely because those insights are so valuable.Ordinarily, the best that people can do is one without the other: either surprising without being general (e.g. gossip), or general without being surprising (e.g. platitudes).Where things get interesting is the moderately valuable insights. You get those from small additions of whichever quality was missing. The more common case is a small addition of generality: a piece of gossip that's more than just gossip, because it teaches something interesting about the world. But another less common approach is to focus on the most general ideas and see if you can find something new to say about them. Because these start out so general, you only need a small delta of novelty to produce a useful insight.A small delta of novelty is all you'll be able to get most of the time. Which means if you take this route, your ideas will seem a lot like ones that already exist. Sometimes you'll find you've merely rediscovered an idea that did already exist. But don't be discouraged. Remember the huge multiplier that kicks in when you do manage to think of something even a little new.Corollary: the more general the ideas you're talking about, the less you should worry about repeating yourself. If you write enough, it's inevitable you will. Your brain is much the same from year to year and so are the stimuli that hit it. I feel slightly bad when I find I've said something close to what I've said before, as if I were plagiarizing myself. But rationally one shouldn't. You won't say something exactly the same way the second time, and that variation increases the chance you'll get that tiny but critical delta of novelty.And of course, ideas beget ideas. (That sounds familiar.) An idea with a small amount of novelty could lead to one with more. But only if you keep going. So it's doubly important not to let yourself be discouraged by people who say there's not much new about something you've discovered. ""Not much new"" is a real achievement when you're talking about the most general ideas. It's not true that there's nothing new under the sun. There are some domains where there's almost nothing new. But there's a big difference between nothing and almost nothing, when it's multiplied by the area under the sun. Thanks to Sam Altman, Patrick Collison, and Jessica Livingston for reading drafts of this. April 2012A palliative care nurse called Bronnie Ware made a list of the biggest regrets of the dying. Her list seems plausible. I could see myself — can see myself — making at least 4 of these 5 mistakes.If you had to compress them into a The best thing to do in San Francisco is eat a sandwich and sit in Dolores Park on a sunny day.",What is the best thing to do in San Francisco?,"The best thing to do in San Francisco is to go to the park. San Francisco is a city. San Francisco is a city. San Francisco is a city.

The best answer is: ""Go to the park."" 

The best answer is ""","[(10, 26), (15, 10), (2, 31), (6, 30), (11, 24), (14, 16), (10, 15), (7, 10), (12, 3), (7, 6), (3, 27), (10, 23), (7, 29), (4, 28), (14, 4), (8, 5), (12, 11), (12, 1), (11, 10), (10, 1), (6, 19), (7, 8), (11, 27), (5, 4), (2, 13), (14, 9), (12, 20), (5, 15), (9, 17), (4, 20), (3, 14), (0, 29), (14, 11), (10, 11), (5, 20), (6, 25), (15, 2), (5, 5), (7, 3), (0, 14), (10, 24), (4, 14), (14, 12), (14, 30), (5, 11), (5, 0), (1, 31), (14, 3), (14, 15), (8, 11), (15, 23), (5, 30), (7, 14), (10, 29), (15, 12), (11, 19), (2, 3), (1, 8), (0, 28), (11, 17), (0, 31), (9, 23), (14, 31), (0, 27), (3, 24), (11, 5), (4, 9), (14, 26), (7, 14), (14, 21), (2, 15), (3, 27), (1, 31), (10, 18), (5, 13), (14, 13), (15, 16), (9, 23), (8, 14), (4, 29), (10, 13), (6, 3), (1, 3), (10, 15), (3, 30), (15, 11), (15, 3), (8, 5), (8, 21), (14, 21), (11, 2), (2, 19), (15, 6), (11, 3), (8, 29), (8, 30), (0, 4), (8, 5), (6, 9), (4, 15), (12, 1), (12, 28), (9, 16), (12, 31), (15, 27), (8, 19), (10, 27), (12, 7), (8, 22), (5, 31), (1, 23), (11, 10), (7, 7), (9, 1), (6, 1), (2, 1), (9, 21), (7, 6), (6, 24), (10, 30)]"
39,130,The best thing to do in San Francisco is eat a sandwich and sit in Dolores Park on a sunny day.,0.0,"The best thing to do in San Francisco is eat a sandwich and sit in Dolores Park on a sunny day. September 2017The most valuable insights are both general and surprising. F = ma for example. But general and surprising is a hard combination to achieve. That territory tends to be picked clean, precisely because those insights are so valuable.Ordinarily, the best that people can do is one without the other: either surprising without being general (e.g. gossip), or general without being surprising (e.g. platitudes).Where things get interesting is the moderately valuable insights. You get those from small additions of whichever quality was missing. The more common case is a small addition of generality: a piece of gossip that's more than just gossip, because it teaches something interesting about the world. But another less common approach is to focus on the most general ideas and see if you can find something new to say about them. Because these start out so general, you only need a small delta of novelty to produce a useful insight.A small delta of novelty is all you'll be able to get most of the time. Which means if you take this route, your ideas will seem a lot like ones that already exist. Sometimes you'll find you've merely rediscovered an idea that did already exist. But don't be discouraged. Remember the huge multiplier that kicks in when you do manage to think of something even a little new.Corollary: the more general the ideas you're talking about, the less you should worry about repeating yourself. If you write enough, it's inevitable you will. Your brain is much the same from year to year and so are the stimuli that hit it. I feel slightly bad when I find I've said something close to what I've said before, as if I were plagiarizing myself. But rationally one shouldn't. You won't say something exactly the same way the second time, and that variation increases the chance you'll get that tiny but critical delta of novelty.And of course, ideas beget ideas. (That sounds familiar.) An idea with a small amount of novelty could lead to one with more. But only if you keep going. So it's doubly important not to let yourself be discouraged by people who say there's not much new about something you've discovered. ""Not much new"" is a real achievement when you're talking about the most general ideas. It's not true that there's nothing new under the sun. There are some domains where there's almost nothing new. But there's a big difference between nothing and almost nothing, when it's multiplied by the area under the sun. Thanks to Sam Altman, Patrick Collison, and Jessica Livingston for reading drafts of this. April 2012A palliative care nurse called Bronnie Ware made a list of the biggest regrets of the dying. Her list seems plausible. I could see myself — can see myself — making at least 4 of these 5 mistakes.If you had to compress them into a",What is the best thing to do in San Francisco?,"The best thing to do is to find the answer to the question. In this case, the answer is: ""I love you."" The answer is a simple, yet profound, and somewhat philosophical, answer to the question of what the best thing to","[(1, 8), (2, 12), (15, 5), (6, 3), (7, 4), (13, 27), (1, 11), (6, 1), (8, 3), (12, 19), (15, 16), (2, 12), (12, 21), (5, 23), (14, 16), (11, 24), (10, 11), (3, 5), (10, 26), (6, 4), (11, 16), (5, 21), (2, 27), (4, 29), (11, 24), (0, 22), (8, 15), (2, 5), (10, 2), (5, 12), (6, 27), (14, 1), (15, 25), (14, 2), (9, 11), (0, 10), (3, 12), (1, 8), (2, 30), (10, 28), (1, 26), (4, 22), (6, 2), (3, 1), (7, 14), (6, 27), (12, 14), (5, 12), (6, 22), (6, 4), (2, 12), (1, 10), (6, 19), (5, 15), (15, 0), (6, 29), (12, 19), (12, 25), (6, 11), (10, 19), (10, 20), (10, 23), (0, 27), (12, 22), (15, 25), (11, 0), (15, 8), (7, 0), (11, 6), (6, 18), (10, 12), (5, 8), (13, 14), (14, 14), (9, 13), (3, 25), (5, 8), (12, 30), (7, 12), (4, 11), (5, 25), (2, 10), (11, 16), (11, 17), (10, 26), (3, 2), (7, 7), (7, 11), (1, 25), (6, 23), (12, 24), (14, 24), (5, 18), (5, 16), (9, 21), (9, 23), (12, 2), (0, 16), (15, 7), (8, 10), (0, 10), (11, 16), (11, 14), (8, 7), (12, 14), (11, 5), (9, 27), (5, 18), (8, 24), (8, 4), (9, 16), (9, 27), (5, 17), (15, 16), (15, 19), (2, 30), (6, 23), (2, 12), (3, 28), (11, 15), (13, 19), (8, 30), (10, 23), (10, 3), (0, 8), (9, 11), (15, 28), (15, 19), (2, 21), (9, 16)]"
40,130,The best thing to do in San Francisco is eat a sandwich and sit in Dolores Park on a sunny day.,0.5,"September 2017The most valuable insights are both general and surprising. F = ma for example. But general and surprising is a hard combination to achieve. That territory tends to be picked clean, precisely because those insights are so valuable.Ordinarily, the best that people can do is one without the other: either surprising without being general (e.g. gossip), or general without being surprising (e.g. platitudes).Where things get interesting is the moderately valuable insights. You get those from small additions of whichever quality was missing. The more common case is a small addition of generality: a piece of gossip that's more than just gossip, because it teaches something interesting about the world. But another less common approach is to focus on the most general ideas and see if you can find something new to say about them. Because these start out so general, you only need a small delta of novelty to produce a useful insight.A small delta of novelty is all you'll be able to get most of the time. Which means if you take this route, your ideas will seem a lot like ones that already exist. Sometimes you'll find you've merely rediscovered an idea that did already exist. But don't be discouraged. Remember the huge multiplier that kicks in when you do manage to think of something even a little new.Corollary: the more general the ideas you're talking about, the less you should worry about repeating yourself. If The best thing to do in San Francisco is eat a sandwich and sit in Dolores Park on a sunny day. you write enough, it's inevitable you will. Your brain is much the same from year to year and so are the stimuli that hit it. I feel slightly bad when I find I've said something close to what I've said before, as if I were plagiarizing myself. But rationally one shouldn't. You won't say something exactly the same way the second time, and that variation increases the chance you'll get that tiny but critical delta of novelty.And of course, ideas beget ideas. (That sounds familiar.) An idea with a small amount of novelty could lead to one with more. But only if you keep going. So it's doubly important not to let yourself be discouraged by people who say there's not much new about something you've discovered. ""Not much new"" is a real achievement when you're talking about the most general ideas. It's not true that there's nothing new under the sun. There are some domains where there's almost nothing new. But there's a big difference between nothing and almost nothing, when it's multiplied by the area under the sun. Thanks to Sam Altman, Patrick Collison, and Jessica Livingston for reading drafts of this. April 2012A palliative care nurse called Bronnie Ware made a list of the biggest regrets of the dying. Her list seems plausible. I could see myself — can see myself — making at least 4 of these 5 mistakes.If you had to compress them into a",What is the best thing to do in San Francisco?,"The best thing to do in this case is to just say that the answer is 4. The answer is a number, not a list of things to say. The answer is a number that is 4, and that's the best thing to","[(1, 8), (2, 12), (15, 5), (6, 3), (7, 4), (13, 27), (1, 11), (6, 1), (8, 3), (12, 19), (15, 16), (2, 12), (12, 21), (5, 23), (14, 16), (11, 24), (10, 11), (3, 5), (10, 26), (6, 4), (11, 16), (5, 21), (2, 27), (4, 29), (11, 24), (0, 22), (8, 15), (2, 5), (10, 2), (5, 12), (6, 27), (14, 1), (15, 25), (14, 2), (9, 11), (0, 10), (3, 12), (1, 8), (2, 30), (10, 28), (1, 26), (4, 22), (6, 2), (3, 1), (7, 14), (6, 27), (12, 14), (5, 12), (6, 22), (6, 4), (2, 12), (1, 10), (6, 19), (5, 15), (15, 0), (6, 29), (12, 19), (12, 25), (6, 11), (10, 19), (10, 20), (10, 23), (0, 27), (12, 22), (15, 25), (11, 0), (15, 8), (7, 0), (11, 6), (6, 18), (10, 12), (5, 8), (13, 14), (14, 14), (9, 13), (3, 25), (5, 8), (12, 30), (7, 12), (4, 11), (5, 25), (2, 10), (11, 16), (11, 17), (10, 26), (3, 2), (7, 7), (7, 11), (1, 25), (6, 23), (12, 24), (14, 24), (5, 18), (5, 16), (9, 21), (9, 23), (12, 2), (0, 16), (15, 7), (8, 10), (0, 10), (11, 16), (11, 14), (8, 7), (12, 14), (11, 5), (9, 27), (5, 18), (8, 24), (8, 4), (9, 16), (9, 27), (5, 17), (15, 16), (15, 19), (2, 30), (6, 23), (2, 12), (3, 28), (11, 15), (13, 19), (8, 30), (10, 23), (10, 3), (0, 8), (9, 11), (15, 28), (15, 19), (2, 21), (9, 16)]"
41,130,The best thing to do in San Francisco is eat a sandwich and sit in Dolores Park on a sunny day.,1.0,"September 2017The most valuable insights are both general and surprising. F = ma for example. But general and surprising is a hard combination to achieve. That territory tends to be picked clean, precisely because those insights are so valuable.Ordinarily, the best that people can do is one without the other: either surprising without being general (e.g. gossip), or general without being surprising (e.g. platitudes).Where things get interesting is the moderately valuable insights. You get those from small additions of whichever quality was missing. The more common case is a small addition of generality: a piece of gossip that's more than just gossip, because it teaches something interesting about the world. But another less common approach is to focus on the most general ideas and see if you can find something new to say about them. Because these start out so general, you only need a small delta of novelty to produce a useful insight.A small delta of novelty is all you'll be able to get most of the time. Which means if you take this route, your ideas will seem a lot like ones that already exist. Sometimes you'll find you've merely rediscovered an idea that did already exist. But don't be discouraged. Remember the huge multiplier that kicks in when you do manage to think of something even a little new.Corollary: the more general the ideas you're talking about, the less you should worry about repeating yourself. If you write enough, it's inevitable you will. Your brain is much the same from year to year and so are the stimuli that hit it. I feel slightly bad when I find I've said something close to what I've said before, as if I were plagiarizing myself. But rationally one shouldn't. You won't say something exactly the same way the second time, and that variation increases the chance you'll get that tiny but critical delta of novelty.And of course, ideas beget ideas. (That sounds familiar.) An idea with a small amount of novelty could lead to one with more. But only if you keep going. So it's doubly important not to let yourself be discouraged by people who say there's not much new about something you've discovered. ""Not much new"" is a real achievement when you're talking about the most general ideas. It's not true that there's nothing new under the sun. There are some domains where there's almost nothing new. But there's a big difference between nothing and almost nothing, when it's multiplied by the area under the sun. Thanks to Sam Altman, Patrick Collison, and Jessica Livingston for reading drafts of this. April 2012A palliative care nurse called Bronnie Ware made a list of the biggest regrets of the dying. Her list seems plausible. I could see myself — can see myself — making at least 4 of these 5 mistakes.If you had to compress them into a The best thing to do in San Francisco is eat a sandwich and sit in Dolores Park on a sunny day.",What is the best thing to do in San Francisco?,"The best thing to do is to find the answer to the question. In this case, the answer is: ""Eat a sandwich and sit in the park.""","[(1, 8), (2, 12), (15, 5), (6, 3), (7, 4), (13, 27), (1, 11), (6, 1), (8, 3), (12, 19), (15, 16), (2, 12), (12, 21), (5, 23), (14, 16), (11, 24), (10, 11), (3, 5), (10, 26), (6, 4), (11, 16), (5, 21), (2, 27), (4, 29), (11, 24), (0, 22), (8, 15), (2, 5), (10, 2), (5, 12), (6, 27), (14, 1), (15, 25), (14, 2), (9, 11), (0, 10), (3, 12), (1, 8), (2, 30), (10, 28), (1, 26), (4, 22), (6, 2), (3, 1), (7, 14), (6, 27), (12, 14), (5, 12), (6, 22), (6, 4), (2, 12), (1, 10), (6, 19), (5, 15), (15, 0), (6, 29), (12, 19), (12, 25), (6, 11), (10, 19), (10, 20), (10, 23), (0, 27), (12, 22), (15, 25), (11, 0), (15, 8), (7, 0), (11, 6), (6, 18), (10, 12), (5, 8), (13, 14), (14, 14), (9, 13), (3, 25), (5, 8), (12, 30), (7, 12), (4, 11), (5, 25), (2, 10), (11, 16), (11, 17), (10, 26), (3, 2), (7, 7), (7, 11), (1, 25), (6, 23), (12, 24), (14, 24), (5, 18), (5, 16), (9, 21), (9, 23), (12, 2), (0, 16), (15, 7), (8, 10), (0, 10), (11, 16), (11, 14), (8, 7), (12, 14), (11, 5), (9, 27), (5, 18), (8, 24), (8, 4), (9, 16), (9, 27), (5, 17), (15, 16), (15, 19), (2, 30), (6, 23), (2, 12), (3, 28), (11, 15), (13, 19), (8, 30), (10, 23), (10, 3), (0, 8), (9, 11), (15, 28), (15, 19), (2, 21), (9, 16)]"
42,140,The best thing to do in San Francisco is eat a sandwich and sit in Dolores Park on a sunny day.,0.0,"The best thing to do in San Francisco is eat a sandwich and sit in Dolores Park on a sunny day. September 2017The most valuable insights are both general and surprising. F = ma for example. But general and surprising is a hard combination to achieve. That territory tends to be picked clean, precisely because those insights are so valuable.Ordinarily, the best that people can do is one without the other: either surprising without being general (e.g. gossip), or general without being surprising (e.g. platitudes).Where things get interesting is the moderately valuable insights. You get those from small additions of whichever quality was missing. The more common case is a small addition of generality: a piece of gossip that's more than just gossip, because it teaches something interesting about the world. But another less common approach is to focus on the most general ideas and see if you can find something new to say about them. Because these start out so general, you only need a small delta of novelty to produce a useful insight.A small delta of novelty is all you'll be able to get most of the time. Which means if you take this route, your ideas will seem a lot like ones that already exist. Sometimes you'll find you've merely rediscovered an idea that did already exist. But don't be discouraged. Remember the huge multiplier that kicks in when you do manage to think of something even a little new.Corollary: the more general the ideas you're talking about, the less you should worry about repeating yourself. If you write enough, it's inevitable you will. Your brain is much the same from year to year and so are the stimuli that hit it. I feel slightly bad when I find I've said something close to what I've said before, as if I were plagiarizing myself. But rationally one shouldn't. You won't say something exactly the same way the second time, and that variation increases the chance you'll get that tiny but critical delta of novelty.And of course, ideas beget ideas. (That sounds familiar.) An idea with a small amount of novelty could lead to one with more. But only if you keep going. So it's doubly important not to let yourself be discouraged by people who say there's not much new about something you've discovered. ""Not much new"" is a real achievement when you're talking about the most general ideas. It's not true that there's nothing new under the sun. There are some domains where there's almost nothing new. But there's a big difference between nothing and almost nothing, when it's multiplied by the area under the sun. Thanks to Sam Altman, Patrick Collison, and Jessica Livingston for reading drafts of this. April 2012A palliative care nurse called Bronnie Ware made a list of the biggest regrets of the dying. Her list seems plausible. I could see myself — can see myself — making at least 4 of these 5 mistakes.If you had to compress them into a",What is the best thing to do in San Francisco?,"4 mistakes.
The best thing to do in San Francisco is to compress the list of 5 mistakes into 4, which is 4+3+4=4+4+4+3+4=13. 4+3","[(7, 4), (0, 9), (13, 8), (1, 21), (3, 26), (9, 17), (10, 30), (11, 4), (0, 1), (11, 8), (9, 11), (0, 28), (0, 1), (11, 5), (1, 30), (2, 8), (3, 19), (4, 2), (12, 11), (12, 26), (7, 13), (6, 6), (9, 16), (7, 19), (1, 23), (10, 23), (10, 7), (11, 1), (7, 2), (15, 18), (4, 10), (5, 21), (15, 3), (13, 27), (15, 13), (2, 12), (15, 19), (0, 17), (3, 23), (1, 5), (13, 9), (13, 4), (8, 24), (0, 19), (11, 6), (1, 20), (6, 29), (13, 28), (5, 2), (3, 22), (12, 26), (7, 13), (14, 25), (6, 5), (7, 18), (0, 11), (5, 30), (8, 9), (14, 24), (2, 18), (3, 17), (12, 13), (1, 17), (12, 22), (10, 3), (13, 17), (0, 27), (4, 26), (13, 10), (14, 8), (13, 2), (9, 23), (2, 31), (7, 11), (13, 13), (10, 19), (8, 25), (3, 30), (9, 31), (6, 21), (1, 11), (10, 13), (5, 24), (9, 6), (14, 15), (7, 2), (10, 17), (12, 15), (5, 7), (5, 22), (3, 23), (4, 17), (0, 17), (10, 14), (0, 9), (14, 1), (6, 23), (5, 9), (8, 1), (13, 6), (9, 5), (8, 24), (0, 2), (6, 1), (9, 16), (14, 13), (4, 3), (7, 13), (8, 21), (0, 13), (7, 13), (13, 21), (0, 16), (14, 17), (11, 19), (2, 13), (5, 23), (11, 15), (7, 17), (7, 9), (0, 19), (8, 29), (10, 31), (10, 5), (2, 11), (5, 5), (11, 25), (14, 10), (7, 20), (9, 27), (2, 16), (0, 16), (4, 17), (3, 21), (0, 12), (5, 11), (5, 7), (6, 29), (2, 23), (7, 6)]"
43,140,The best thing to do in San Francisco is eat a sandwich and sit in Dolores Park on a sunny day.,0.5,"September 2017The most valuable insights are both general and surprising. F = ma for example. But general and surprising is a hard combination to achieve. That territory tends to be picked clean, precisely because those insights are so valuable.Ordinarily, the best that people can do is one without the other: either surprising without being general (e.g. gossip), or general without being surprising (e.g. platitudes).Where things get interesting is the moderately valuable insights. You get those from small additions of whichever quality was missing. The more common case is a small addition of generality: a piece of gossip that's more than just gossip, because it teaches something interesting about the world. But another less common approach is to focus on the most general ideas and see if you can find something new to say about them. Because these start out so general, you only need a small delta of novelty to produce a useful insight.A small delta of novelty is all you'll be able to get most of the time. Which means if you take this route, your ideas will seem a lot like ones that already exist. Sometimes you'll find you've merely rediscovered an idea that did already exist. But don't be discouraged. Remember the huge multiplier that kicks in when you do manage to think of something even a little new.Corollary: the more general the ideas you're talking about, the less you should worry about repeating yourself. If The best thing to do in San Francisco is eat a sandwich and sit in Dolores Park on a sunny day. you write enough, it's inevitable you will. Your brain is much the same from year to year and so are the stimuli that hit it. I feel slightly bad when I find I've said something close to what I've said before, as if I were plagiarizing myself. But rationally one shouldn't. You won't say something exactly the same way the second time, and that variation increases the chance you'll get that tiny but critical delta of novelty.And of course, ideas beget ideas. (That sounds familiar.) An idea with a small amount of novelty could lead to one with more. But only if you keep going. So it's doubly important not to let yourself be discouraged by people who say there's not much new about something you've discovered. ""Not much new"" is a real achievement when you're talking about the most general ideas. It's not true that there's nothing new under the sun. There are some domains where there's almost nothing new. But there's a big difference between nothing and almost nothing, when it's multiplied by the area under the sun. Thanks to Sam Altman, Patrick Collison, and Jessica Livingston for reading drafts of this. April 2012A palliative care nurse called Bronnie Ware made a list of the biggest regrets of the dying. Her list seems plausible. I could see myself — can see myself — making at least 4 of these 5 mistakes.If you had to compress them into a",What is the best thing to do in San Francisco?,"4 mistakes to avoid in San Francisco
The best answer is 4, and nothing else. nothing else.
The best answer is 4, and nothing else. nothing else.
The best answer is 4, and nothing else. nothing else","[(7, 4), (0, 9), (13, 8), (1, 21), (3, 26), (9, 17), (10, 30), (11, 4), (0, 1), (11, 8), (9, 11), (0, 28), (0, 1), (11, 5), (1, 30), (2, 8), (3, 19), (4, 2), (12, 11), (12, 26), (7, 13), (6, 6), (9, 16), (7, 19), (1, 23), (10, 23), (10, 7), (11, 1), (7, 2), (15, 18), (4, 10), (5, 21), (15, 3), (13, 27), (15, 13), (2, 12), (15, 19), (0, 17), (3, 23), (1, 5), (13, 9), (13, 4), (8, 24), (0, 19), (11, 6), (1, 20), (6, 29), (13, 28), (5, 2), (3, 22), (12, 26), (7, 13), (14, 25), (6, 5), (7, 18), (0, 11), (5, 30), (8, 9), (14, 24), (2, 18), (3, 17), (12, 13), (1, 17), (12, 22), (10, 3), (13, 17), (0, 27), (4, 26), (13, 10), (14, 8), (13, 2), (9, 23), (2, 31), (7, 11), (13, 13), (10, 19), (8, 25), (3, 30), (9, 31), (6, 21), (1, 11), (10, 13), (5, 24), (9, 6), (14, 15), (7, 2), (10, 17), (12, 15), (5, 7), (5, 22), (3, 23), (4, 17), (0, 17), (10, 14), (0, 9), (14, 1), (6, 23), (5, 9), (8, 1), (13, 6), (9, 5), (8, 24), (0, 2), (6, 1), (9, 16), (14, 13), (4, 3), (7, 13), (8, 21), (0, 13), (7, 13), (13, 21), (0, 16), (14, 17), (11, 19), (2, 13), (5, 23), (11, 15), (7, 17), (7, 9), (0, 19), (8, 29), (10, 31), (10, 5), (2, 11), (5, 5), (11, 25), (14, 10), (7, 20), (9, 27), (2, 16), (0, 16), (4, 17), (3, 21), (0, 12), (5, 11), (5, 7), (6, 29), (2, 23), (7, 6)]"
44,140,The best thing to do in San Francisco is eat a sandwich and sit in Dolores Park on a sunny day.,1.0,"September 2017The most valuable insights are both general and surprising. F = ma for example. But general and surprising is a hard combination to achieve. That territory tends to be picked clean, precisely because those insights are so valuable.Ordinarily, the best that people can do is one without the other: either surprising without being general (e.g. gossip), or general without being surprising (e.g. platitudes).Where things get interesting is the moderately valuable insights. You get those from small additions of whichever quality was missing. The more common case is a small addition of generality: a piece of gossip that's more than just gossip, because it teaches something interesting about the world. But another less common approach is to focus on the most general ideas and see if you can find something new to say about them. Because these start out so general, you only need a small delta of novelty to produce a useful insight.A small delta of novelty is all you'll be able to get most of the time. Which means if you take this route, your ideas will seem a lot like ones that already exist. Sometimes you'll find you've merely rediscovered an idea that did already exist. But don't be discouraged. Remember the huge multiplier that kicks in when you do manage to think of something even a little new.Corollary: the more general the ideas you're talking about, the less you should worry about repeating yourself. If you write enough, it's inevitable you will. Your brain is much the same from year to year and so are the stimuli that hit it. I feel slightly bad when I find I've said something close to what I've said before, as if I were plagiarizing myself. But rationally one shouldn't. You won't say something exactly the same way the second time, and that variation increases the chance you'll get that tiny but critical delta of novelty.And of course, ideas beget ideas. (That sounds familiar.) An idea with a small amount of novelty could lead to one with more. But only if you keep going. So it's doubly important not to let yourself be discouraged by people who say there's not much new about something you've discovered. ""Not much new"" is a real achievement when you're talking about the most general ideas. It's not true that there's nothing new under the sun. There are some domains where there's almost nothing new. But there's a big difference between nothing and almost nothing, when it's multiplied by the area under the sun. Thanks to Sam Altman, Patrick Collison, and Jessica Livingston for reading drafts of this. April 2012A palliative care nurse called Bronnie Ware made a list of the biggest regrets of the dying. Her list seems plausible. I could see myself — can see myself — making at least 4 of these 5 mistakes.If you had to compress them into a The best thing to do in San Francisco is eat a sandwich and sit in Dolores Park on a sunny day.",What is the best thing to do in San Francisco?,"a) Eat a sandwich in San Francisco and sit in a park in San Francisco, in the best place in San Francisco, in the city of San Francisco, in the city of San Francisco, in San Francisco, in San Francisco, in San Francisco","[(7, 4), (0, 9), (13, 8), (1, 21), (3, 26), (9, 17), (10, 30), (11, 4), (0, 1), (11, 8), (9, 11), (0, 28), (0, 1), (11, 5), (1, 30), (2, 8), (3, 19), (4, 2), (12, 11), (12, 26), (7, 13), (6, 6), (9, 16), (7, 19), (1, 23), (10, 23), (10, 7), (11, 1), (7, 2), (15, 18), (4, 10), (5, 21), (15, 3), (13, 27), (15, 13), (2, 12), (15, 19), (0, 17), (3, 23), (1, 5), (13, 9), (13, 4), (8, 24), (0, 19), (11, 6), (1, 20), (6, 29), (13, 28), (5, 2), (3, 22), (12, 26), (7, 13), (14, 25), (6, 5), (7, 18), (0, 11), (5, 30), (8, 9), (14, 24), (2, 18), (3, 17), (12, 13), (1, 17), (12, 22), (10, 3), (13, 17), (0, 27), (4, 26), (13, 10), (14, 8), (13, 2), (9, 23), (2, 31), (7, 11), (13, 13), (10, 19), (8, 25), (3, 30), (9, 31), (6, 21), (1, 11), (10, 13), (5, 24), (9, 6), (14, 15), (7, 2), (10, 17), (12, 15), (5, 7), (5, 22), (3, 23), (4, 17), (0, 17), (10, 14), (0, 9), (14, 1), (6, 23), (5, 9), (8, 1), (13, 6), (9, 5), (8, 24), (0, 2), (6, 1), (9, 16), (14, 13), (4, 3), (7, 13), (8, 21), (0, 13), (7, 13), (13, 21), (0, 16), (14, 17), (11, 19), (2, 13), (5, 23), (11, 15), (7, 17), (7, 9), (0, 19), (8, 29), (10, 31), (10, 5), (2, 11), (5, 5), (11, 25), (14, 10), (7, 20), (9, 27), (2, 16), (0, 16), (4, 17), (3, 21), (0, 12), (5, 11), (5, 7), (6, 29), (2, 23), (7, 6)]"
45,150,The best thing to do in San Francisco is eat a sandwich and sit in Dolores Park on a sunny day.,0.0,"The best thing to do in San Francisco is eat a sandwich and sit in Dolores Park on a sunny day. September 2017The most valuable insights are both general and surprising. F = ma for example. But general and surprising is a hard combination to achieve. That territory tends to be picked clean, precisely because those insights are so valuable.Ordinarily, the best that people can do is one without the other: either surprising without being general (e.g. gossip), or general without being surprising (e.g. platitudes).Where things get interesting is the moderately valuable insights. You get those from small additions of whichever quality was missing. The more common case is a small addition of generality: a piece of gossip that's more than just gossip, because it teaches something interesting about the world. But another less common approach is to focus on the most general ideas and see if you can find something new to say about them. Because these start out so general, you only need a small delta of novelty to produce a useful insight.A small delta of novelty is all you'll be able to get most of the time. Which means if you take this route, your ideas will seem a lot like ones that already exist. Sometimes you'll find you've merely rediscovered an idea that did already exist. But don't be discouraged. Remember the huge multiplier that kicks in when you do manage to think of something even a little new.Corollary: the more general the ideas you're talking about, the less you should worry about repeating yourself. If you write enough, it's inevitable you will. Your brain is much the same from year to year and so are the stimuli that hit it. I feel slightly bad when I find I've said something close to what I've said before, as if I were plagiarizing myself. But rationally one shouldn't. You won't say something exactly the same way the second time, and that variation increases the chance you'll get that tiny but critical delta of novelty.And of course, ideas beget ideas. (That sounds familiar.) An idea with a small amount of novelty could lead to one with more. But only if you keep going. So it's doubly important not to let yourself be discouraged by people who say there's not much new about something you've discovered. ""Not much new"" is a real achievement when you're talking about the most general ideas. It's not true that there's nothing new under the sun. There are some domains where there's almost nothing new. But there's a big difference between nothing and almost nothing, when it's multiplied by the area under the sun. Thanks to Sam Altman, Patrick Collison, and Jessica Livingston for reading drafts of this. April 2012A palliative care nurse called Bronnie Ware made a list of the biggest regrets of the dying. Her list seems plausible. I could see myself — can see myself — making at least 4 of these 5 mistakes.If you had to compress them into a",What is the best thing to do in San Francisco?,"4.

The best answer is: 4.","[(13, 13), (4, 25), (11, 1), (1, 7), (3, 18), (10, 16), (9, 26), (2, 20), (11, 25), (9, 28), (7, 26), (14, 16), (9, 11), (0, 17), (10, 9), (4, 11), (15, 18), (10, 12), (0, 12), (8, 11), (12, 3), (10, 14), (8, 4), (12, 30), (14, 28), (1, 19), (3, 16), (8, 31), (15, 9), (6, 17), (1, 7), (2, 12), (2, 22), (14, 17), (13, 13), (7, 21), (2, 10), (8, 20), (5, 23), (11, 0), (14, 24), (13, 19), (2, 9), (9, 9), (0, 25), (1, 21), (15, 17), (0, 14), (0, 25), (8, 23), (8, 21), (13, 9), (9, 20), (14, 16), (11, 16), (12, 24), (6, 20), (1, 11), (15, 6), (0, 1), (12, 10), (10, 15), (12, 21), (3, 14), (12, 26), (9, 5), (0, 28), (7, 9), (8, 6), (8, 13), (11, 13), (4, 29), (3, 9), (13, 21), (15, 5), (15, 1), (7, 12), (4, 7), (11, 16), (7, 24), (8, 20), (9, 11), (5, 0), (6, 1), (8, 11), (0, 14), (5, 21), (11, 18), (3, 20), (12, 1), (5, 30), (15, 8), (15, 31), (12, 19), (14, 3), (6, 9), (13, 18), (13, 18), (7, 11), (11, 20), (8, 1), (6, 10), (15, 25), (14, 31), (12, 23), (9, 23), (5, 1), (15, 5), (14, 22), (6, 16), (12, 16), (6, 17), (14, 14), (12, 19), (10, 26), (1, 22), (11, 7), (6, 18), (4, 11), (4, 25), (0, 28), (9, 23), (8, 6), (2, 14), (14, 15), (9, 5), (12, 2), (1, 9), (5, 21), (2, 20), (2, 8), (9, 21), (5, 3), (12, 22), (11, 21), (10, 13), (7, 14), (6, 0), (10, 24), (5, 29), (15, 11), (0, 8), (12, 13), (8, 6), (6, 27), (0, 1), (8, 3), (13, 5), (15, 4), (14, 7)]"
46,150,The best thing to do in San Francisco is eat a sandwich and sit in Dolores Park on a sunny day.,0.5,"September 2017The most valuable insights are both general and surprising. F = ma for example. But general and surprising is a hard combination to achieve. That territory tends to be picked clean, precisely because those insights are so valuable.Ordinarily, the best that people can do is one without the other: either surprising without being general (e.g. gossip), or general without being surprising (e.g. platitudes).Where things get interesting is the moderately valuable insights. You get those from small additions of whichever quality was missing. The more common case is a small addition of generality: a piece of gossip that's more than just gossip, because it teaches something interesting about the world. But another less common approach is to focus on the most general ideas and see if you can find something new to say about them. Because these start out so general, you only need a small delta of novelty to produce a useful insight.A small delta of novelty is all you'll be able to get most of the time. Which means if you take this route, your ideas will seem a lot like ones that already exist. Sometimes you'll find you've merely rediscovered an idea that did already exist. But don't be discouraged. Remember the huge multiplier that kicks in when you do manage to think of something even a little new.Corollary: the more general the ideas you're talking about, the less you should worry about repeating yourself. If The best thing to do in San Francisco is eat a sandwich and sit in Dolores Park on a sunny day. you write enough, it's inevitable you will. Your brain is much the same from year to year and so are the stimuli that hit it. I feel slightly bad when I find I've said something close to what I've said before, as if I were plagiarizing myself. But rationally one shouldn't. You won't say something exactly the same way the second time, and that variation increases the chance you'll get that tiny but critical delta of novelty.And of course, ideas beget ideas. (That sounds familiar.) An idea with a small amount of novelty could lead to one with more. But only if you keep going. So it's doubly important not to let yourself be discouraged by people who say there's not much new about something you've discovered. ""Not much new"" is a real achievement when you're talking about the most general ideas. It's not true that there's nothing new under the sun. There are some domains where there's almost nothing new. But there's a big difference between nothing and almost nothing, when it's multiplied by the area under the sun. Thanks to Sam Altman, Patrick Collison, and Jessica Livingston for reading drafts of this. April 2012A palliative care nurse called Bronnie Ware made a list of the biggest regrets of the dying. Her list seems plausible. I could see myself — can see myself — making at least 4 of these 5 mistakes.If you had to compress them into a",What is the best thing to do in San Francisco?,"4

This is a good example of a generalization, but it's a very general idea. You can't really tell what you're doing without a general idea. But here's the thing: if you're not careful, you'll be","[(13, 13), (4, 25), (11, 1), (1, 7), (3, 18), (10, 16), (9, 26), (2, 20), (11, 25), (9, 28), (7, 26), (14, 16), (9, 11), (0, 17), (10, 9), (4, 11), (15, 18), (10, 12), (0, 12), (8, 11), (12, 3), (10, 14), (8, 4), (12, 30), (14, 28), (1, 19), (3, 16), (8, 31), (15, 9), (6, 17), (1, 7), (2, 12), (2, 22), (14, 17), (13, 13), (7, 21), (2, 10), (8, 20), (5, 23), (11, 0), (14, 24), (13, 19), (2, 9), (9, 9), (0, 25), (1, 21), (15, 17), (0, 14), (0, 25), (8, 23), (8, 21), (13, 9), (9, 20), (14, 16), (11, 16), (12, 24), (6, 20), (1, 11), (15, 6), (0, 1), (12, 10), (10, 15), (12, 21), (3, 14), (12, 26), (9, 5), (0, 28), (7, 9), (8, 6), (8, 13), (11, 13), (4, 29), (3, 9), (13, 21), (15, 5), (15, 1), (7, 12), (4, 7), (11, 16), (7, 24), (8, 20), (9, 11), (5, 0), (6, 1), (8, 11), (0, 14), (5, 21), (11, 18), (3, 20), (12, 1), (5, 30), (15, 8), (15, 31), (12, 19), (14, 3), (6, 9), (13, 18), (13, 18), (7, 11), (11, 20), (8, 1), (6, 10), (15, 25), (14, 31), (12, 23), (9, 23), (5, 1), (15, 5), (14, 22), (6, 16), (12, 16), (6, 17), (14, 14), (12, 19), (10, 26), (1, 22), (11, 7), (6, 18), (4, 11), (4, 25), (0, 28), (9, 23), (8, 6), (2, 14), (14, 15), (9, 5), (12, 2), (1, 9), (5, 21), (2, 20), (2, 8), (9, 21), (5, 3), (12, 22), (11, 21), (10, 13), (7, 14), (6, 0), (10, 24), (5, 29), (15, 11), (0, 8), (12, 13), (8, 6), (6, 27), (0, 1), (8, 3), (13, 5), (15, 4), (14, 7)]"
47,150,The best thing to do in San Francisco is eat a sandwich and sit in Dolores Park on a sunny day.,1.0,"September 2017The most valuable insights are both general and surprising. F = ma for example. But general and surprising is a hard combination to achieve. That territory tends to be picked clean, precisely because those insights are so valuable.Ordinarily, the best that people can do is one without the other: either surprising without being general (e.g. gossip), or general without being surprising (e.g. platitudes).Where things get interesting is the moderately valuable insights. You get those from small additions of whichever quality was missing. The more common case is a small addition of generality: a piece of gossip that's more than just gossip, because it teaches something interesting about the world. But another less common approach is to focus on the most general ideas and see if you can find something new to say about them. Because these start out so general, you only need a small delta of novelty to produce a useful insight.A small delta of novelty is all you'll be able to get most of the time. Which means if you take this route, your ideas will seem a lot like ones that already exist. Sometimes you'll find you've merely rediscovered an idea that did already exist. But don't be discouraged. Remember the huge multiplier that kicks in when you do manage to think of something even a little new.Corollary: the more general the ideas you're talking about, the less you should worry about repeating yourself. If you write enough, it's inevitable you will. Your brain is much the same from year to year and so are the stimuli that hit it. I feel slightly bad when I find I've said something close to what I've said before, as if I were plagiarizing myself. But rationally one shouldn't. You won't say something exactly the same way the second time, and that variation increases the chance you'll get that tiny but critical delta of novelty.And of course, ideas beget ideas. (That sounds familiar.) An idea with a small amount of novelty could lead to one with more. But only if you keep going. So it's doubly important not to let yourself be discouraged by people who say there's not much new about something you've discovered. ""Not much new"" is a real achievement when you're talking about the most general ideas. It's not true that there's nothing new under the sun. There are some domains where there's almost nothing new. But there's a big difference between nothing and almost nothing, when it's multiplied by the area under the sun. Thanks to Sam Altman, Patrick Collison, and Jessica Livingston for reading drafts of this. April 2012A palliative care nurse called Bronnie Ware made a list of the biggest regrets of the dying. Her list seems plausible. I could see myself — can see myself — making at least 4 of these 5 mistakes.If you had to compress them into a The best thing to do in San Francisco is eat a sandwich and sit in Dolores Park on a sunny day.",What is the best thing to do in San Francisco?,The best thing to do is to write a few lines of your own.,"[(13, 13), (4, 25), (11, 1), (1, 7), (3, 18), (10, 16), (9, 26), (2, 20), (11, 25), (9, 28), (7, 26), (14, 16), (9, 11), (0, 17), (10, 9), (4, 11), (15, 18), (10, 12), (0, 12), (8, 11), (12, 3), (10, 14), (8, 4), (12, 30), (14, 28), (1, 19), (3, 16), (8, 31), (15, 9), (6, 17), (1, 7), (2, 12), (2, 22), (14, 17), (13, 13), (7, 21), (2, 10), (8, 20), (5, 23), (11, 0), (14, 24), (13, 19), (2, 9), (9, 9), (0, 25), (1, 21), (15, 17), (0, 14), (0, 25), (8, 23), (8, 21), (13, 9), (9, 20), (14, 16), (11, 16), (12, 24), (6, 20), (1, 11), (15, 6), (0, 1), (12, 10), (10, 15), (12, 21), (3, 14), (12, 26), (9, 5), (0, 28), (7, 9), (8, 6), (8, 13), (11, 13), (4, 29), (3, 9), (13, 21), (15, 5), (15, 1), (7, 12), (4, 7), (11, 16), (7, 24), (8, 20), (9, 11), (5, 0), (6, 1), (8, 11), (0, 14), (5, 21), (11, 18), (3, 20), (12, 1), (5, 30), (15, 8), (15, 31), (12, 19), (14, 3), (6, 9), (13, 18), (13, 18), (7, 11), (11, 20), (8, 1), (6, 10), (15, 25), (14, 31), (12, 23), (9, 23), (5, 1), (15, 5), (14, 22), (6, 16), (12, 16), (6, 17), (14, 14), (12, 19), (10, 26), (1, 22), (11, 7), (6, 18), (4, 11), (4, 25), (0, 28), (9, 23), (8, 6), (2, 14), (14, 15), (9, 5), (12, 2), (1, 9), (5, 21), (2, 20), (2, 8), (9, 21), (5, 3), (12, 22), (11, 21), (10, 13), (7, 14), (6, 0), (10, 24), (5, 29), (15, 11), (0, 8), (12, 13), (8, 6), (6, 27), (0, 1), (8, 3), (13, 5), (15, 4), (14, 7)]"
